mlb_id,player_name,role,team,age,war,war_off,war_def,pa,games,ops_plus,runs_bat,runs_field,games_started,ip,era_plus
457705,Andrew McCutchen,hitter,TEX,39.0,-0.39,-0.4,-0.26,83.0,37,58.456,-3.4,1.0,,,
467793,Carlos Santana,hitter,ARI,40.0,-0.49,-0.39,-0.14,26.0,8,-21.018,-3.99,-2.0,,,
500743,Miguel Rojas,hitter,LAD,37.0,0.74,0.76,0.24,243.0,101,94.293,-2.19,2.0,,,
502054,Tommy Pham,hitter,CHW,38.0,-0.26,-0.15,-0.16,26.0,14,42.01,-1.98,-1.0,,,
502671,Paul Goldschmidt,hitter,NYY,38.0,1.43,1.1,-0.16,370.0,102,112.669,3.92,2.0,,,
506702,Sandy León,hitter,ATL,37.0,-0.56,-0.67,0.2,44.0,21,-49.539,-8.83,-1.0,,,
514888,Jose Altuve,hitter,HOU,36.0,0.32,1.94,-1.26,545.0,129,100.602,0.4,-17.0,,,
516782,Starling Marte,hitter,KCR,37.0,-0.62,-0.41,-0.51,168.0,59,74.41,-5.69,-1.0,,,
518595,Travis d'Arnaud,hitter,LAA,37.0,0.25,-0.07,0.49,80.0,31,44.948,-4.34,2.0,,,
518692,Freddie Freeman,hitter,LAD,36.0,2.71,2.66,-0.63,637.0,148,121.301,15.44,-1.0,,,
519317,Giancarlo Stanton,hitter,NYY,36.0,0.15,0.14,-0.21,96.0,24,99.973,0.28,0.0,,,
521692,Salvador Perez,hitter,KCR,36.0,-0.61,-0.54,-0.54,604.0,146,81.159,-14.86,0.0,,,
542303,Marcell Ozuna,hitter,PIT,35.0,-1.09,-1.07,-0.6,280.0,70,65.875,-11.34,0.0,,,
543309,Kyle Higashioka,hitter,TEX,36.0,0.65,0.75,0.19,186.0,56,96.636,0.86,-1.0,,,
543510,James McCann,hitter,ARI,36.0,0.26,0.68,-0.17,152.0,47,104.161,0.84,0.0,,,
543760,Marcus Semien,hitter,NYM,35.0,0.32,0.67,0.11,527.0,134,74.967,-12.85,0.0,,,
543807,George Springer,hitter,TOR,36.0,0.72,0.8,-1.11,506.0,123,100.827,1.69,0.0,,,
543877,Christian Vázquez,hitter,HOU,35.0,0.43,0.1,0.84,262.0,85,65.881,-11.25,-1.0,,,
545121,Ildemaro Vargas,hitter,ARI,34.0,1.18,0.59,0.34,477.0,136,86.686,-8.08,1.0,,,
545341,Randal Grichuk,hitter,CHW,34.0,1.11,0.99,-0.52,262.0,112,134.56,8.76,0.0,,,
545361,Mike Trout,hitter,LAA,34.0,3.89,4.68,-0.68,610.0,137,130.687,24.47,-7.0,,,
547180,Bryce Harper,hitter,PHI,33.0,3.26,3.52,-1.01,667.0,156,132.163,25.16,-4.0,,,
553869,Elias Díaz,hitter,TEX,35.0,1.12,0.8,0.73,230.0,84,90.8,-2.82,1.0,,,
553993,Eugenio Suárez,hitter,CIN,34.0,0.33,0.78,-0.93,478.0,120,100.944,0.33,-4.0,,,
571448,Nolan Arenado,hitter,ARI,35.0,2.62,2.97,-0.03,572.0,146,113.209,8.93,-3.0,,,
571657,Kyle Farmer,hitter,ATL,35.0,-0.11,-0.11,-0.02,17.0,13,49.538,-1.29,0.0,,,
571771,Enrique Hernández,hitter,LAD,34.0,-0.04,-0.13,0.05,87.0,38,79.329,-2.71,1.0,,,
571912,Luke Maile,hitter,KCR,35.0,-0.2,-0.1,-0.01,45.0,16,52.15,-2.65,0.0,,,
571970,Max Muncy,hitter,LAD,35.0,4.27,4.02,0.62,543.0,144,131.608,18.93,4.0,,,
572233,Christian Walker,hitter,HOU,35.0,1.69,1.24,-0.29,608.0,150,97.946,0.31,1.0,,,
573262,Mike Yastrzemski,hitter,ATL,35.0,1.02,0.64,-0.12,390.0,133,93.319,-3.09,3.0,,,
575929,Willson Contreras,hitter,BOS,34.0,4.58,4.56,-0.59,533.0,129,153.711,35.5,-1.0,,,
592206,Nick Castellanos,hitter,SDP,34.0,-0.95,-0.43,-0.69,122.0,39,55.072,-6.46,-4.0,,,
592450,Aaron Judge,hitter,NYY,34.0,1.89,1.78,-0.14,285.0,66,140.285,13.18,-1.0,,,
592518,Manny Machado,hitter,SDP,33.0,1.52,1.9,-0.12,653.0,152,98.778,0.74,0.0,,,
592626,Joc Pederson,hitter,TEX,34.0,1.72,1.91,-1.34,432.0,136,134.716,16.38,-2.0,,,
592663,J.T. Realmuto,hitter,PHI,35.0,0.3,0.43,0.72,446.0,117,68.58,-18.81,0.0,,,
592885,Christian Yelich,hitter,MIL,34.0,0.02,0.05,-0.97,482.0,113,90.537,-8.69,0.0,,,
593428,Xander Bogaerts,hitter,SDP,33.0,2.12,2.57,0.42,589.0,148,88.739,-5.03,-6.0,,,
593871,Jorge Polanco,hitter,NYM,32.0,-1.39,-1.38,-0.32,145.0,37,20.76,-14.25,0.0,,,
595879,Javier Báez,hitter,DET,33.0,-0.58,0.13,-0.48,188.0,56,76.331,-6.5,-6.0,,,
595978,Austin Hedges,hitter,CLE,33.0,0.82,1.02,0.3,236.0,75,97.378,0.31,1.0,,,
596019,Francisco Lindor,hitter,NYM,32.0,1.79,2.02,0.38,440.0,99,103.719,3.02,-3.0,,,
596103,Austin Slater,hitter,TBR,33.0,-0.14,-0.03,-0.18,74.0,28,66.967,-2.55,-2.0,,,
596115,Trevor Story,hitter,BOS,33.0,0.41,0.81,-0.05,252.0,60,81.156,-4.94,-4.0,,,
596117,Garrett Stubbs,hitter,PHI,33.0,-0.5,-0.6,0.18,63.0,34,-0.836,-8.47,0.0,,,
596142,Gary Sánchez,hitter,MIL,33.0,0.45,0.99,-0.46,264.0,83,112.702,3.76,-1.0,,,
596146,Max Kepler,hitter,ARI,33.0,-0.67,-0.56,-0.26,145.0,41,56.835,-8.78,2.0,,,
600869,Jeimer Candelario,hitter,LAA,32.0,-0.15,-0.15,-0.01,20.0,7,21.686,-1.86,0.0,,,
602104,Ramón Urías,hitter,STL,32.0,0.25,0.05,0.28,100.0,43,66.924,-3.19,2.0,,,
605137,Josh Bell,hitter,MIN,33.0,0.82,0.68,-1.07,610.0,149,107.067,3.94,2.0,,,
605141,Mookie Betts,hitter,LAD,33.0,3.56,2.89,1.41,502.0,117,111.932,7.61,9.0,,,
605170,Victor Caratini,hitter,MIN,32.0,0.12,0.3,0.18,375.0,104,78.766,-8.69,0.0,,,
605244,Aramis Garcia,hitter,ARI,33.0,-0.21,-0.11,-0.06,19.0,8,27.455,-1.9,0.0,,,
605353,Vimael Machín,hitter,COL,32.0,0.04,0.04,0.0,6.0,3,163.754,0.55,0.0,,,
606115,Orlando Arcia,hitter,MIN,31.0,0.0,0.0,0.06,50.0,19,83.848,-1.22,0.0,,,
606192,Teoscar Hernández,hitter,LAD,33.0,0.78,1.42,-1.07,469.0,119,107.408,3.7,-4.0,,,
606466,Ketel Marte,hitter,ARI,32.0,2.21,2.06,0.35,597.0,135,106.44,0.04,0.0,,,
606992,Eric Haase,hitter,SFG,33.0,-0.06,0.05,0.04,84.0,29,66.464,-3.89,-1.0,,,
607043,Brandon Nimmo,hitter,TEX,33.0,1.35,2.06,-1.24,631.0,149,112.407,7.55,-5.0,,,
607208,Trea Turner,hitter,PHI,33.0,-0.14,1.55,-0.75,673.0,151,80.968,-17.39,-12.0,,,
608070,José Ramírez,hitter,CLE,33.0,2.54,2.41,0.18,520.0,120,98.561,-0.5,0.0,,,
608324,Alex Bregman,hitter,CHC,32.0,5.39,3.9,1.86,693.0,153,119.859,17.83,13.0,,,
608348,Carson Kelly,hitter,CHC,31.0,2.0,2.03,0.64,413.0,116,101.159,2.5,0.0,,,
608369,Corey Seager,hitter,TEX,32.0,3.04,2.5,1.07,411.0,96,116.206,7.62,7.0,,,
608701,Rob Refsnyder,hitter,SEA,35.0,-0.97,-1.09,-0.24,129.0,53,34.686,-10.67,0.0,,,
608841,Joey Meneses,hitter,OAK,34.0,-0.58,-0.28,-0.35,25.0,9,24.085,-2.09,-2.0,,,
609280,Miguel Andujar,hitter,SDP,31.0,-0.22,-0.2,-0.57,254.0,74,101.893,-0.69,0.0,,,
620443,Luis Torrens,hitter,NYM,30.0,2.18,1.37,1.34,270.0,88,98.06,-1.68,0.0,,,
621020,Dansby Swanson,hitter,CHC,32.0,3.26,2.77,1.2,466.0,121,95.039,0.01,4.0,,,
621043,Carlos Correa,hitter,HOU,31.0,1.31,1.0,0.51,141.0,32,124.539,4.32,2.0,,,
621438,Tyrone Taylor,hitter,CHC,32.0,1.58,1.08,0.28,234.0,95,124.662,5.62,2.0,,,
621439,Byron Buxton,hitter,MIN,32.0,3.37,3.05,0.4,408.0,93,129.181,12.13,3.0,,,
621493,Taylor Ward,hitter,SEA,32.0,1.75,1.3,-0.18,604.0,140,93.969,0.83,2.0,,,
621550,Patrick Wisdom,hitter,SEA,34.0,-0.71,-0.51,-0.22,50.0,19,1.78,-6.39,-2.0,,,
621566,Matt Olson,hitter,ATL,32.0,4.44,3.36,0.33,675.0,156,124.568,18.54,10.0,,,
622268,Donovan Walton,hitter,OAK,32.0,1.4,1.8,-0.2,251.0,86,128.592,8.66,-2.0,,,
622761,Jorge Mateo,hitter,TBR,31.0,-0.1,0.1,0.02,207.0,91,57.278,-12.08,-1.0,,,
623168,Tyler Heineman,hitter,LAA,35.0,-0.46,-1.1,1.07,194.0,73,24.868,-17.65,0.0,,,
623205,Andrew Velazquez,hitter,KCR,31.0,-0.2,-0.2,0.03,15.0,6,-61.849,-3.19,0.0,,,
624413,Pete Alonso,hitter,BAL,31.0,4.57,4.54,-0.83,682.0,157,145.023,34.56,-3.0,,,
624424,Michael Conforto,hitter,CHC,33.0,0.83,1.06,-0.89,295.0,108,123.29,7.74,-3.0,,,
624428,Adam Frazier,hitter,LAA,34.0,0.52,0.41,0.14,147.0,66,91.253,-1.46,2.0,,,
624431,Jose Trevino,hitter,CIN,33.0,-0.12,-0.21,0.39,152.0,47,52.964,-8.76,0.0,,,
624512,Reese McGuire,hitter,CHW,31.0,-0.52,-0.12,-0.34,34.0,11,28.951,-2.68,-1.0,,,
624585,Jorge Soler,hitter,LAA,34.0,-0.26,-0.07,-0.89,361.0,86,89.916,-2.73,-2.0,,,
624641,Edmundo Sosa,hitter,PHI,30.0,0.88,0.59,0.35,242.0,81,85.074,-3.32,3.0,,,
628451,Andy Ibáñez,hitter,NYM,33.0,-0.56,-0.37,-0.21,26.0,14,-44.006,-4.08,-2.0,,,
630105,Jake Cronenworth,hitter,SDP,32.0,0.01,0.87,-0.6,403.0,103,80.03,-8.16,-7.0,,,
640459,Brian Navarreto,hitter,MIA,31.0,-0.01,-0.32,0.43,55.0,30,20.603,-5.57,0.0,,,
640492,José Azócar,hitter,ATL,30.0,0.25,0.15,0.08,18.0,11,135.905,0.64,1.0,,,
640902,Jhonny Pereda,hitter,SEA,30.0,0.58,0.57,0.2,93.0,29,114.345,1.66,0.0,,,
641343,Jake Bauers,hitter,MIL,30.0,3.16,4.12,-1.78,552.0,138,145.77,30.33,-5.0,,,
641355,Cody Bellinger,hitter,NYY,30.0,4.7,2.66,1.61,546.0,128,116.262,10.91,14.0,,,
641487,J.P. Crawford,hitter,SEA,31.0,1.07,2.08,-0.42,467.0,111,101.239,2.14,-8.0,,,
641555,J.C. Escarra,hitter,NYY,31.0,0.06,-0.05,0.3,92.0,32,42.407,-5.51,0.0,,,
641584,Jake Fraley,hitter,TBR,31.0,-0.14,-0.05,-0.19,97.0,31,81.922,-2.4,1.0,,,
641598,Mitch Garver,hitter,SEA,35.0,0.36,0.57,0.0,149.0,50,74.481,-0.87,0.0,,,
641680,Jonah Heim,hitter,OAK,31.0,-1.05,0.06,-0.79,373.0,100,72.349,-11.68,-1.0,,,
641820,Trey Mancini,hitter,LAA,34.0,0.02,0.02,-0.03,14.0,5,110.971,-0.05,0.0,,,
641857,Ryan McMahon,hitter,NYY,31.0,0.08,0.06,0.3,350.0,120,71.679,-11.56,2.0,,,
641933,Tyler O'Neill,hitter,BAL,31.0,0.47,0.26,-0.1,260.0,85,91.991,-2.12,-3.0,,,
642020,Chuckie Robinson,hitter,LAD,31.0,-0.41,-0.41,0.04,26.0,8,-51.732,-5.3,0.0,,,
642086,Dominic Smith,hitter,ATL,31.0,-0.14,-0.02,-0.83,293.0,105,88.873,-3.25,-1.0,,,
642133,Rowdy Tellez,hitter,ATL,31.0,0.02,0.02,-0.01,11.0,7,107.122,0.04,0.0,,,
642201,Eli White,hitter,BOS,32.0,1.45,0.51,0.67,204.0,96,88.736,-0.76,6.0,,,
642215,Weston Wilson,hitter,SEA,31.0,-0.42,0.19,-0.58,173.0,68,78.794,-4.05,-7.0,,,
642350,Jose Siri,hitter,LAA,30.0,0.76,0.75,-0.12,235.0,102,97.788,-0.8,0.0,,,
642708,Amed Rosario,hitter,NYY,30.0,-0.26,0.56,-0.76,236.0,85,87.675,-2.93,-7.0,,,
642715,Willy Adames,hitter,SFG,30.0,1.51,2.16,0.09,505.0,121,98.604,0.59,-3.0,,,
642851,Austin Wynns,hitter,TEX,35.0,-0.17,-0.38,0.36,89.0,34,10.367,-8.69,0.0,,,
643217,Andrew Benintendi,hitter,CHW,31.0,0.03,0.32,-1.41,452.0,136,98.406,-0.89,-2.0,,,
643289,Mauricio Dubón,hitter,ATL,31.0,2.44,1.88,0.73,598.0,148,95.262,-2.92,1.0,,,
643376,Danny Jansen,hitter,TEX,31.0,0.71,0.5,0.6,206.0,61,90.23,-2.64,1.0,,,
643396,Isiah Kiner-Falefa,hitter,BOS,31.0,1.41,0.68,0.96,169.0,61,82.105,-3.3,7.0,,,
643446,Jeff McNeil,hitter,OAK,34.0,0.5,0.58,-0.01,497.0,138,88.041,-9.16,1.0,,,
644433,Chadwick Tromp,hitter,BAL,31.0,-0.54,-0.54,0.11,51.0,21,-3.484,-7.09,0.0,,,
645277,Ozzie Albies,hitter,ATL,29.0,1.43,1.38,0.58,661.0,156,91.017,-10.87,2.0,,,
645302,Víctor Robles,hitter,SEA,29.0,-0.09,0.12,-0.33,149.0,65,82.525,-2.17,-3.0,,,
645305,Ali Sánchez,hitter,NYY,29.0,-0.02,0.08,0.1,81.0,47,64.921,-3.0,0.0,,,
646240,Rafael Devers,hitter,SFG,29.0,3.45,3.6,-1.06,633.0,148,140.224,26.43,1.0,,,
647304,Josh Naylor,hitter,SEA,29.0,0.43,1.13,-1.4,624.0,146,98.147,0.31,-6.0,,,
649966,Luis Urías,hitter,TOR,29.0,0.49,0.28,0.26,59.0,26,118.144,0.89,2.0,,,
650333,Luis Arraez,hitter,PHI,29.0,3.01,3.36,0.17,644.0,148,114.524,9.15,-3.0,,,
650391,Eloy Jiménez,hitter,TOR,29.0,-0.1,-0.1,-0.08,35.0,12,77.641,-1.03,0.0,,,
650402,Gleyber Torres,hitter,DET,29.0,2.01,1.69,0.46,415.0,95,105.747,4.26,3.0,,,
650489,Willi Castro,hitter,COL,29.0,1.02,1.56,-0.14,477.0,120,94.645,-3.88,-4.0,,,
650490,Yandy Díaz,hitter,TBR,34.0,2.58,2.55,-1.28,664.0,149,125.151,19.06,0.0,,,
650559,Bryan De La Cruz,hitter,PHI,29.0,0.12,0.13,-0.14,74.0,30,110.549,1.15,0.0,,,
650859,Luis Rengifo,hitter,SDP,29.0,0.6,0.52,0.07,354.0,95,79.06,-9.22,2.0,,,
650968,Yohel Pozo,hitter,BAL,29.0,-0.1,0.0,-0.08,55.0,35,75.268,-0.55,0.0,,,
655316,Andruw Monasterio,hitter,BOS,29.0,0.76,0.94,0.07,329.0,101,91.766,-3.38,-2.0,,,
656305,Matt Chapman,hitter,SFG,33.0,2.63,1.19,1.67,352.0,84,95.631,-0.68,13.0,,,
656413,Stuart Fairchild,hitter,SEA,30.0,0.07,0.07,-0.01,27.0,15,69.713,-0.25,0.0,,,
656484,Tristan Gray,hitter,MIN,30.0,-0.74,0.08,-0.54,188.0,66,65.883,-8.04,-7.0,,,
656537,Derek Hill,hitter,PHI,30.0,1.38,0.66,0.48,212.0,113,99.986,0.59,4.0,,,
656555,Rhys Hoskins,hitter,CLE,33.0,-0.85,0.06,-1.47,317.0,95,93.011,-2.09,-9.0,,,
656577,Alex Jackson,hitter,MIN,30.0,0.37,0.46,0.02,73.0,33,110.249,0.25,0.0,,,
656582,Connor Joe,hitter,SEA,33.0,0.05,0.05,-0.07,45.0,21,73.865,-0.57,0.0,,,
656716,Zach McKinstry,hitter,DET,31.0,1.47,0.08,1.51,416.0,125,64.283,-11.98,7.0,,,
656775,Cedric Mullins,hitter,TBR,31.0,0.72,0.17,0.91,483.0,131,74.037,-16.12,6.0,,,
656811,Ryan O'Hearn,hitter,PIT,32.0,0.14,0.89,-1.36,429.0,104,107.72,3.76,-5.0,,,
656941,Kyle Schwarber,hitter,PHI,33.0,2.75,2.81,-1.32,674.0,150,128.882,20.6,0.0,,,
656976,Pavin Smith,hitter,ARI,30.0,-0.68,-0.67,-0.24,106.0,35,50.63,-6.65,1.0,,,
657041,Lane Thomas,hitter,ATL,30.0,0.53,1.22,-0.79,374.0,118,98.11,-0.13,-8.0,,,
657136,Connor Wong,hitter,BOS,30.0,0.41,0.5,0.37,233.0,74,85.846,-4.42,2.0,,,
657656,Ramón Laureano,hitter,SDP,31.0,0.06,0.17,-0.3,206.0,53,84.313,-4.75,0.0,,,
657675,Rudy Martin,hitter,TOR,30.0,-0.05,-0.05,-0.01,3.0,2,3.093,-0.23,0.0,,,
657757,Gavin Sheets,hitter,SDP,30.0,-0.11,0.23,-0.98,412.0,123,96.272,-2.42,-3.0,,,
660162,Yoán Moncada,hitter,LAA,31.0,-0.22,0.08,-0.24,130.0,41,75.719,-3.3,-2.0,,,
660271,Shohei Ohtani,hitter,LAD,31.0,3.36,3.41,-1.16,596.0,130,145.88,29.05,0.0,,,
660644,Vidal Bruján,hitter,NYM,28.0,-0.07,-0.18,0.12,13.0,9,-24.814,-2.07,1.0,,,
660670,Ronald Acuña Jr.,hitter,ATL,28.0,1.75,1.99,-0.64,454.0,103,122.767,11.27,-1.0,,,
660688,Keibert Ruiz,hitter,WSN,27.0,2.2,1.82,1.05,344.0,101,109.513,3.42,0.0,,,
660710,Rodolfo Durán,hitter,SDP,28.0,-0.1,-0.2,0.3,91.0,38,46.767,-6.26,1.0,,,
660821,Jesús Sánchez,hitter,ARI,28.0,-1.11,-0.09,-1.52,312.0,104,97.282,-3.0,-7.0,,,
660844,Leo Rivas,hitter,SEA,28.0,-0.26,-0.26,0.15,139.0,47,37.054,-9.13,-1.0,,,
661388,William Contreras,hitter,MIL,28.0,2.8,2.95,0.66,620.0,142,110.467,6.34,-2.0,,,
661531,Brian Serven,hitter,OAK,31.0,0.06,-0.06,0.25,80.0,27,67.583,-3.75,1.0,,,
662139,Daulton Varsho,hitter,HOU,29.0,0.78,0.76,0.44,526.0,140,76.274,-16.21,4.0,,,
663330,Jahmai Jones,hitter,BOS,28.0,-0.26,-0.28,-0.63,168.0,90,94.922,-1.04,0.0,,,
663368,Blake Perkins,hitter,MIL,29.0,0.0,-0.2,0.15,101.0,55,41.428,-5.28,0.0,,,
663457,Lars Nootbaar,hitter,ARI,28.0,0.48,0.6,-0.48,311.0,85,102.475,0.62,1.0,,,
663494,Bryan Torres,hitter,STL,28.0,0.05,0.26,-0.38,180.0,71,89.128,-1.75,1.0,,,
663538,Nico Hoerner,hitter,CHC,29.0,2.23,2.18,0.76,666.0,153,85.285,-8.2,1.0,,,
663584,Hayden Senger,hitter,NYM,29.0,-0.09,-0.09,0.04,17.0,7,25.232,-1.75,0.0,,,
663586,Austin Riley,hitter,ATL,29.0,0.82,0.65,0.59,606.0,153,78.693,-16.64,-1.0,,,
663604,Brandon Lockridge,hitter,MIL,29.0,0.25,0.26,-0.11,111.0,38,84.596,-1.54,0.0,,,
663609,Luken Baker,hitter,ARI,29.0,-0.05,-0.05,-0.01,5.0,3,11.941,-0.59,0.0,,,
663611,Nick Madrigal,hitter,TBR,29.0,0.56,0.23,0.36,63.0,19,97.577,0.54,3.0,,,
663616,Trevor Larnach,hitter,MIN,29.0,1.42,2.23,-1.13,433.0,122,120.826,11.73,-10.0,,,
663624,Ryan Mountcastle,hitter,BAL,29.0,-0.14,0.06,-0.23,15.0,8,97.681,-0.12,-1.0,,,
663647,Ke'Bryan Hayes,hitter,CIN,29.0,-0.66,-1.37,0.89,235.0,89,20.338,-21.18,7.0,,,
663656,Kyle Tucker,hitter,LAD,29.0,1.05,1.83,-1.19,602.0,148,99.93,0.23,-7.0,,,
663662,Daz Cameron,hitter,TOR,29.0,-0.18,-0.08,-0.12,25.0,8,54.312,-1.73,-1.0,,,
663697,Jonathan India,hitter,KCR,29.0,0.21,0.21,0.05,58.0,17,78.148,-0.51,0.0,,,
663698,Joey Bart,hitter,CHW,29.0,0.43,0.33,0.33,128.0,44,79.056,-2.4,0.0,,,
663728,Cal Raleigh,hitter,SEA,29.0,1.13,1.63,0.08,507.0,121,93.379,-4.06,0.0,,,
663743,Nick Fortes,hitter,TBR,29.0,0.8,1.09,0.3,309.0,104,92.384,-4.85,-1.0,,,
663757,Trent Grisham,hitter,NYY,29.0,0.62,1.43,-0.45,484.0,121,95.115,-2.87,-7.0,,,
663837,Matt Vierling,hitter,DET,29.0,-1.0,-0.49,-0.44,291.0,92,64.112,-13.88,-2.0,,,
663853,Romy Gonzalez,hitter,BOS,29.0,-0.4,-0.3,-0.18,73.0,19,61.447,-3.6,-1.0,,,
663886,Tyler Stephenson,hitter,CIN,29.0,2.53,2.04,1.22,455.0,126,104.857,1.68,0.0,,,
663897,Luke Williams,hitter,ATL,29.0,-0.07,0.03,-0.1,1.0,2,,0.31,-1.0,,,
663967,César Salazar,hitter,HOU,30.0,-0.15,-0.15,0.05,22.0,9,-13.224,-2.6,0.0,,,
663968,Jake Mangum,hitter,PIT,30.0,1.34,0.97,0.19,462.0,128,91.706,-5.64,2.0,,,
663993,Nathaniel Lowe,hitter,CLE,30.0,0.63,1.36,-1.45,415.0,121,113.468,7.89,-7.0,,,
664023,Ian Happ,hitter,CHC,31.0,2.8,1.91,0.4,612.0,150,104.929,4.45,4.0,,,
664034,Ty France,hitter,SDP,31.0,4.78,3.14,1.04,474.0,127,145.911,25.44,14.0,,,
664040,Brandon Lowe,hitter,PIT,31.0,5.22,3.82,1.8,635.0,145,119.928,13.54,11.0,,,
664056,Harrison Bader,hitter,SFG,32.0,0.13,-0.38,0.6,111.0,30,53.308,-6.62,3.0,,,
664059,Sam Haggerty,hitter,TEX,32.0,-0.3,-0.4,0.07,47.0,35,16.95,-4.71,1.0,,,
664068,Scott Kingery,hitter,CHC,32.0,-0.19,0.01,-0.24,4.0,8,38.771,-0.32,-2.0,,,
664238,Dylan Moore,hitter,PHI,33.0,-0.15,-0.15,-0.04,15.0,13,-39.686,-2.4,0.0,,,
664702,Myles Straw,hitter,TOR,31.0,0.7,0.17,0.18,318.0,142,78.095,-7.16,5.0,,,
664728,Kyle Isbel,hitter,KCR,29.0,-0.25,0.03,-0.04,308.0,95,65.463,-12.75,0.0,,,
664731,P.J. Higgins,hitter,CIN,33.0,-0.07,-0.07,0.07,32.0,13,53.427,-1.95,0.0,,,
664761,Alec Bohm,hitter,PHI,29.0,-0.09,0.78,-0.79,605.0,149,88.565,-6.93,-5.0,,,
664770,Nathan Lukes,hitter,TOR,31.0,2.08,0.69,1.02,433.0,121,95.564,-2.06,4.0,,,
664774,LaMonte Wade Jr.,hitter,HOU,32.0,-0.12,-0.01,-0.28,143.0,53,88.161,-1.51,-2.0,,,
664954,Brett Sullivan,hitter,COL,32.0,0.46,0.17,0.68,230.0,80,74.378,-9.35,1.0,,,
664983,Jake McCarthy,hitter,COL,28.0,2.35,2.81,-0.7,572.0,141,114.232,8.0,0.0,,,
665019,Kody Clemens,hitter,MIN,30.0,2.44,2.2,0.01,565.0,140,109.127,5.34,5.0,,,
665052,Griffin Conine,hitter,MIA,28.0,1.85,1.87,-0.48,300.0,88,133.419,12.53,0.0,,,
665161,Jeremy Peña,hitter,HOU,28.0,3.79,3.98,0.43,456.0,106,124.08,14.22,-3.0,,,
665487,Fernando Tatis Jr.,hitter,SDP,27.0,4.03,4.39,-0.58,683.0,154,129.6,25.31,-3.0,,,
665489,Vladimir Guerrero Jr.,hitter,TOR,27.0,1.31,0.24,0.3,596.0,141,92.358,-6.52,9.0,,,
665506,Cristian Pache,hitter,NYM,27.0,-0.08,-0.19,0.04,8.0,14,-29.425,-1.36,0.0,,,
665561,Rafael Marchán,hitter,PHI,27.0,-0.71,-1.01,0.49,95.0,34,-19.496,-13.88,-1.0,,,
665742,Juan Soto,hitter,NYM,27.0,2.85,3.5,-1.21,453.0,105,152.445,24.96,-4.0,,,
665750,Leody Taveras,hitter,BAL,27.0,-0.09,0.41,-0.5,474.0,137,77.884,-12.2,-1.0,,,
665804,Miguel Amaya,hitter,CHC,27.0,1.23,1.16,0.44,243.0,80,95.925,1.31,0.0,,,
665828,Oswaldo Cabrera,hitter,CIN,27.0,-0.33,-0.33,0.01,14.0,4,-100.0,-3.67,0.0,,,
665833,Oneil Cruz,hitter,PIT,27.0,2.73,3.37,-0.45,406.0,93,130.071,16.62,-6.0,,,
665856,Jair Camargo,hitter,ATL,26.0,0.06,0.06,0.0,2.0,1,300.198,0.5,0.0,,,
665861,Sebastián Rivero,hitter,LAA,27.0,0.09,-0.01,0.23,57.0,24,64.96,-2.48,1.0,,,
665862,Jazz Chisholm Jr.,hitter,NYY,28.0,1.5,2.31,-0.37,520.0,134,98.25,-3.78,-5.0,,,
665877,José Fermín,hitter,STL,27.0,0.42,1.17,-0.71,358.0,113,93.447,-0.61,0.0,,,
665923,Esteury Ruiz,hitter,MIA,27.0,0.23,1.07,-1.13,237.0,104,104.88,3.08,-5.0,,,
665926,Andrés Giménez,hitter,TOR,27.0,0.89,0.76,0.94,496.0,144,76.662,-17.88,1.0,,,
665953,Andrés Chaparro,hitter,WSN,27.0,0.89,1.31,-0.91,213.0,79,136.64,11.14,-2.0,,,
665966,Carlos Narváez,hitter,BAL,27.0,-0.87,-0.57,0.3,277.0,93,36.531,-19.12,-2.0,,,
666018,Jonathan Aranda,hitter,TBR,28.0,2.16,2.86,-1.45,648.0,149,123.484,17.42,-8.0,,,
666023,Freddy Fermin,hitter,SDP,31.0,0.78,0.08,1.23,260.0,94,60.925,-11.05,0.0,,,
666126,Carlos Cortes,hitter,OAK,29.0,-1.04,-0.13,-1.49,366.0,118,95.578,-3.36,-7.0,,,
666139,Josh Lowe,hitter,LAA,28.0,0.14,0.23,-0.39,328.0,109,81.645,-7.84,-1.0,,,
666152,David Hamilton,hitter,MIL,28.0,1.64,0.93,1.13,370.0,116,76.95,-11.12,4.0,,,
666160,Mickey Moniak,hitter,COL,28.0,0.13,0.06,-0.49,426.0,113,95.213,-5.88,2.0,,,
666163,Ben Rortvedt,hitter,LAD,28.0,-0.12,-0.22,0.17,28.0,16,2.787,-3.65,0.0,,,
666176,Jo Adell,hitter,CLE,27.0,0.22,1.13,-1.53,633.0,153,97.781,-0.66,-8.0,,,
666181,Will Benson,hitter,CIN,28.0,-0.2,0.02,-0.36,114.0,51,79.982,-2.91,2.0,,,
666182,Bo Bichette,hitter,NYM,28.0,0.65,1.53,-0.3,667.0,154,95.969,-6.34,-8.0,,,
666185,Dylan Carlson,hitter,CHC,27.0,-0.22,-0.12,-0.12,4.0,3,-100.0,-1.07,0.0,,,
666211,Taylor Trammell,hitter,HOU,28.0,-0.53,-0.12,-0.6,273.0,94,84.567,-6.11,-2.0,,,
666310,Bo Naylor,hitter,MIL,26.0,-0.57,-0.27,-0.13,98.0,31,37.89,-7.7,0.0,,,
666397,Edouard Julien,hitter,COL,27.0,-0.98,-0.25,-0.67,276.0,88,63.124,-10.82,-6.0,,,
666464,Jerar Encarnacion,hitter,SFG,28.0,-0.39,-0.39,-0.06,35.0,17,15.407,-3.88,-1.0,,,
666624,Christopher Morel,hitter,NYM,27.0,-0.47,-0.56,-0.13,101.0,35,39.777,-7.85,-1.0,,,
666931,Jared Oliva,hitter,SFG,30.0,-0.04,-0.14,0.11,7.0,7,-18.618,-1.08,1.0,,,
666969,Adolis García,hitter,PHI,33.0,-0.86,-0.74,-0.33,259.0,67,59.821,-13.92,-1.0,,,
666971,Lourdes Gurriel Jr.,hitter,ARI,32.0,-0.6,-0.9,0.06,201.0,51,51.086,-12.48,-1.0,,,
667452,Corey Julks,hitter,DET,30.0,0.09,-0.02,0.08,7.0,4,97.295,-0.07,1.0,,,
667472,Dane Myers,hitter,CIN,30.0,0.9,1.74,-0.65,326.0,115,101.145,2.01,-7.0,,,
667670,Brent Rooker,hitter,OAK,31.0,-0.34,-0.25,-0.48,203.0,48,83.461,-4.76,-1.0,,,
668227,Randy Arozarena,hitter,SEA,31.0,5.29,5.46,-0.68,643.0,148,147.35,39.29,-2.0,,,
668670,Jake Rogers,hitter,CHW,31.0,0.08,-0.03,0.47,171.0,58,60.577,-8.55,0.0,,,
668709,JJ Bleday,hitter,CIN,28.0,1.28,1.43,-0.66,524.0,127,105.034,4.35,0.0,,,
668715,Spencer Steer,hitter,CIN,28.0,0.22,1.07,-1.26,384.0,98,104.432,1.29,-7.0,,,
668723,Ryan Vilade,hitter,TBR,27.0,0.87,1.18,-0.57,258.0,90,117.747,5.32,-3.0,,,
668800,Andrew Knizner,hitter,SFG,31.0,-0.41,0.0,-0.29,70.0,25,81.322,-1.7,0.0,,,
668804,Bryan Reynolds,hitter,PIT,31.0,3.32,2.96,-0.4,680.0,156,113.275,11.57,1.0,,,
668885,Austin Martin,hitter,MIN,27.0,0.76,0.33,0.04,353.0,116,88.432,-1.35,3.0,,,
668901,Mark Vientos,hitter,NYM,26.0,-0.96,-0.63,-0.78,281.0,83,85.469,-6.82,-2.0,,,
668904,Royce Lewis,hitter,MIN,27.0,0.85,0.92,-0.33,490.0,120,87.295,-7.2,1.0,,,
668930,Brice Turang,hitter,MIL,26.0,6.81,4.69,2.7,654.0,145,121.509,19.16,19.0,,,
668939,Adley Rutschman,hitter,BOS,28.0,2.12,1.88,0.65,391.0,94,104.187,1.69,-1.0,,,
668942,Josh Rojas,hitter,KCR,32.0,0.8,0.26,0.59,108.0,40,76.446,-2.72,3.0,,,
668952,Ryan Kreidler,hitter,MIN,28.0,0.41,0.4,0.45,260.0,102,84.567,-5.62,0.0,,,
668974,Maverick Handley,hitter,BAL,28.0,-0.03,-0.03,0.0,1.0,1,-100.0,-0.26,0.0,,,
669003,Garrett Mitchell,hitter,MIL,27.0,3.46,3.0,0.84,507.0,139,116.748,8.86,5.0,,,
669004,MJ Melendez,hitter,NYM,27.0,-0.25,-0.24,-0.33,144.0,56,86.494,-2.29,-1.0,,,
669016,Brandon Marsh,hitter,PHI,28.0,0.33,0.28,-0.43,551.0,149,88.161,-11.81,7.0,,,
669065,Kyle Stowers,hitter,MIA,28.0,0.8,1.57,-1.39,501.0,118,117.359,9.05,-5.0,,,
669087,Sam Huff,hitter,BAL,28.0,-0.26,-0.36,0.17,34.0,14,-6.601,-4.69,0.0,,,
669127,Shea Langeliers,hitter,OAK,28.0,3.58,2.83,1.09,441.0,100,121.542,10.63,2.0,,,
669134,Luis Campusano,hitter,SDP,27.0,1.62,1.53,0.37,237.0,68,124.902,7.73,0.0,,,
669208,Ryan Bliss,hitter,SEA,26.0,0.01,-0.09,0.1,10.0,3,-2.524,-1.2,1.0,,,
669221,Sean Murphy,hitter,ATL,31.0,0.01,0.13,0.09,104.0,28,54.903,-4.04,-1.0,,,
669224,Austin Wells,hitter,NYY,26.0,0.98,0.33,1.44,378.0,119,71.115,-14.02,1.0,,,
669236,Jeremiah Jackson,hitter,BAL,26.0,0.0,-0.22,0.4,277.0,98,71.901,-9.55,1.0,,,
669242,Tommy Edman,hitter,LAD,31.0,1.7,1.51,0.38,311.0,79,93.79,2.86,2.0,,,
669256,Nick Solak,hitter,SDP,31.0,-0.05,-0.05,-0.03,10.0,4,30.719,-0.78,0.0,,,
669257,Will Smith,hitter,LAD,31.0,1.22,1.35,0.3,260.0,69,106.586,1.27,-2.0,,,
669288,Daniel Johnson,hitter,HOU,30.0,-0.15,-0.05,-0.11,17.0,8,30.415,-1.15,0.0,,,
669289,Santiago Espinal,hitter,LAD,31.0,0.04,-0.07,0.13,60.0,36,77.441,-2.09,1.0,,,
669326,Bryce Teodosio,hitter,LAA,27.0,-0.19,-0.29,0.04,55.0,37,45.353,-3.93,1.0,,,
669357,Nolan Gorman,hitter,STL,26.0,-0.23,-0.41,0.19,292.0,82,67.344,-12.17,2.0,,,
669360,Trei Cruz,hitter,DET,27.0,-0.23,-0.13,-0.11,5.0,2,-100.0,-1.3,-1.0,,,
669364,Xavier Edwards,hitter,MIA,26.0,3.02,3.26,0.23,595.0,142,108.616,6.02,-3.0,,,
669369,Bryce Johnson,hitter,SDP,30.0,-0.18,-0.39,0.1,49.0,32,28.224,-4.45,-1.0,,,
669384,Ray Delgado,hitter,HOU,26.0,0.11,0.21,-0.04,41.0,19,85.539,-0.8,0.0,,,
669392,Samad Taylor,hitter,SDP,27.0,1.04,1.15,-0.25,159.0,42,143.479,8.09,-2.0,,,
669394,Jake Burger,hitter,TEX,30.0,2.28,2.04,-0.48,596.0,149,112.013,7.04,3.0,,,
669397,Nick Allen,hitter,HOU,27.0,1.03,0.83,0.54,157.0,90,96.473,0.0,1.0,,,
669398,Gage Workman,hitter,SDP,26.0,-0.47,-0.17,-0.3,41.0,18,57.694,-2.52,-3.0,,,
669477,Casey Schmitt,hitter,SFG,27.0,1.42,1.65,-0.49,409.0,98,117.307,6.83,0.0,,,
669699,Braden Shewmake,hitter,MIL,28.0,0.3,0.19,0.25,91.0,34,93.78,-1.5,1.0,,,
669701,Josh Smith,hitter,TOR,28.0,-0.29,0.63,-0.79,230.0,75,82.145,-3.91,-8.0,,,
669707,Jared Triolo,hitter,PIT,28.0,0.87,0.58,0.73,354.0,119,68.961,-11.41,0.0,,,
669717,Will Wilson,hitter,SEA,27.0,0.09,0.09,0.0,6.0,2,216.4,0.72,0.0,,,
669720,Austin Hays,hitter,SDP,30.0,-0.36,-0.04,-0.5,94.0,33,91.295,-1.37,-3.0,,,
669743,Alex Call,hitter,LAD,31.0,0.16,0.17,-0.28,192.0,86,81.686,-2.03,3.0,,,
669899,Ryan Ward,hitter,LAD,28.0,0.19,0.09,0.02,60.0,20,99.261,-0.43,1.0,,,
669911,Michael Toglia,hitter,CIN,27.0,-0.45,-0.35,-0.16,28.0,10,3.798,-3.45,-1.0,,,
670032,Nicky Lopez,hitter,TEX,31.0,0.19,0.7,-0.15,258.0,94,84.388,-5.19,-6.0,,,
670042,Luke Raley,hitter,SEA,31.0,0.06,0.87,-1.13,287.0,95,106.491,2.27,-5.0,,,
670097,Zack Short,hitter,NYM,31.0,-0.34,-0.25,0.02,62.0,29,27.756,-5.25,1.0,,,
670156,Miles Mastrobuoni,hitter,SEA,30.0,-0.14,-0.14,-0.02,30.0,13,28.426,-2.55,0.0,,,
670224,Kameron Misner,hitter,KCR,28.0,-0.64,-0.23,-0.43,44.0,18,43.367,-3.23,-4.0,,,
670231,John Rave,hitter,KCR,28.0,1.17,0.75,0.29,145.0,48,112.176,1.91,3.0,,,
670242,Matt Wallner,hitter,MIN,28.0,-1.25,-0.44,-0.91,135.0,34,55.253,-7.18,-7.0,,,
670541,Yordan Alvarez,hitter,HOU,29.0,6.42,6.91,-1.72,663.0,152,189.664,62.05,-3.0,,,
670623,Isaac Paredes,hitter,HOU,27.0,4.17,4.35,0.06,631.0,149,125.255,22.3,-3.0,,,
670764,Taylor Walls,hitter,TBR,29.0,3.19,1.06,2.83,420.0,121,67.876,-15.52,21.0,,,
670770,TJ Friedl,hitter,CIN,30.0,-0.83,-1.01,0.16,272.0,91,43.305,-19.43,3.0,,,
671056,Iván Herrera,hitter,STL,26.0,3.07,3.44,-0.85,692.0,155,114.452,18.84,0.0,,,
671083,Buddy Kennedy,hitter,SEA,27.0,-0.43,-0.32,-0.1,49.0,25,6.96,-4.54,-1.0,,,
671155,Ivan Johnson,hitter,CIN,27.0,-0.15,-0.15,-0.03,19.0,16,-18.447,-2.54,-1.0,,,
671218,Heliot Ramos,hitter,NYY,26.0,0.61,0.81,-0.58,417.0,106,99.0,-1.22,-3.0,,,
671277,Luis García Jr.,hitter,NYY,26.0,3.08,2.68,-0.27,527.0,143,127.703,17.18,4.0,,,
671286,Johnathan Rodríguez,hitter,BAL,26.0,-0.16,-0.05,-0.13,15.0,7,76.111,-0.38,-1.0,,,
671289,Tyler Freeman,hitter,COL,27.0,-2.0,-0.96,-1.31,288.0,79,66.393,-11.04,-11.0,,,
671655,George Valera,hitter,CLE,25.0,-0.19,-0.09,-0.15,38.0,13,50.903,-1.72,-1.0,,,
671732,Lawrence Butler,hitter,OAK,25.0,0.26,1.17,-1.27,512.0,148,94.915,-2.47,-6.0,,,
671739,Michael Harris II,hitter,ATL,25.0,4.64,3.86,1.19,600.0,150,117.625,12.9,10.0,,,
671976,Tristan Peters,hitter,CHW,26.0,3.92,3.27,0.84,472.0,150,121.25,11.58,8.0,,,
672012,Tyler Black,hitter,MIL,25.0,0.14,0.14,-0.06,28.0,9,129.71,0.79,0.0,,,
672016,Denzel Clarke,hitter,OAK,26.0,-0.22,-0.33,0.19,80.0,34,19.679,-7.82,0.0,,,
672275,Patrick Bailey,hitter,CLE,27.0,0.72,0.2,1.19,331.0,107,67.888,-12.51,0.0,,,
672279,Michael Siani,hitter,BAL,26.0,-0.03,-0.03,0.0,1.0,1,-100.0,-0.26,0.0,,,
672284,Jarred Kelenic,hitter,TEX,26.0,-0.33,-0.23,-0.17,83.0,36,71.908,-2.75,0.0,,,
672356,Gabriel Arias,hitter,CHC,26.0,0.53,0.41,0.26,147.0,50,85.773,-3.48,0.0,,,
672386,Alejandro Kirk,hitter,TOR,27.0,1.76,1.64,0.6,299.0,75,113.864,3.44,3.0,,,
672515,Gabriel Moreno,hitter,ARI,26.0,5.91,4.92,1.58,526.0,125,139.617,25.8,1.0,,,
672569,Gustavo Campero,hitter,LAA,28.0,0.05,0.05,-0.01,12.0,4,124.505,0.19,0.0,,,
672580,Maikel Garcia,hitter,KCR,26.0,1.68,0.72,1.18,326.0,78,93.884,-4.12,9.0,,,
672613,Eliezer Alfonzo,hitter,LAD,26.0,-0.23,-0.13,-0.05,28.0,13,16.639,-3.22,0.0,,,
672640,Otto Lopez,hitter,MIA,27.0,5.75,5.4,1.31,664.0,152,122.768,20.66,5.0,,,
672642,Steward Berroa,hitter,PHI,27.0,-0.11,-0.11,-0.01,7.0,6,-22.913,-1.19,0.0,,,
672695,Geraldo Perdomo,hitter,ARI,26.0,4.79,3.91,1.83,651.0,151,104.249,8.8,8.0,,,
672724,Oswald Peraza,hitter,LAA,26.0,1.29,0.86,0.75,365.0,121,77.81,-7.07,4.0,,,
672761,Wenceel Pérez,hitter,DET,26.0,-0.71,-0.3,-0.54,175.0,53,64.46,-8.35,-3.0,,,
672820,Lenyn Sosa,hitter,TOR,26.0,-0.93,-0.72,-0.31,117.0,40,34.402,-9.71,-1.0,,,
672960,Kazuma Okamoto,hitter,TOR,30.0,2.58,2.45,0.44,617.0,151,108.55,5.64,0.0,,,
673237,Yainer Diaz,hitter,HOU,27.0,1.41,1.91,0.04,333.0,92,112.733,5.45,-1.0,,,
673357,Luis Robert Jr.,hitter,BAL,28.0,0.91,0.73,0.3,230.0,61,96.227,0.39,2.0,,,
673490,Ha-Seong Kim,hitter,ATL,30.0,-0.78,-1.08,0.53,132.0,47,-3.109,-16.75,3.0,,,
673548,Seiya Suzuki,hitter,CHC,31.0,4.82,3.43,0.8,611.0,138,128.463,23.17,10.0,,,
673962,Josh Jung,hitter,TEX,28.0,1.88,3.1,-0.95,431.0,100,134.879,18.54,-8.0,,,
673995,Davis Wendzel,hitter,PIT,29.0,-0.11,-0.11,0.0,4.0,2,-100.0,-1.09,0.0,,,
675448,Blake Hunt,hitter,SDP,27.0,0.04,-0.07,0.11,3.0,2,-100.0,-0.79,1.0,,,
675659,Greg Jones,hitter,MIL,28.0,-0.64,-0.54,-0.14,24.0,12,-51.529,-4.93,0.0,,,
675961,Alika Williams,hitter,OAK,27.0,1.74,0.99,1.16,223.0,86,98.396,-2.04,5.0,,,
676356,Jonny DeLuca,hitter,TBR,27.0,1.39,0.74,0.51,341.0,105,94.077,-2.43,9.0,,,
676369,Nelson Velázquez,hitter,HOU,27.0,-0.48,0.04,-0.71,109.0,48,89.624,-2.11,-4.0,,,
676391,Ernie Clement,hitter,TOR,30.0,1.35,1.21,0.81,604.0,153,80.842,-14.38,0.0,,,
676439,Hunter Feduccia,hitter,LAD,29.0,0.67,0.58,0.61,241.0,90,81.526,-5.47,1.0,,,
676475,Alec Burleson,hitter,STL,27.0,3.42,3.88,-1.2,651.0,155,130.847,22.09,-2.0,,,
676480,Jose Barrero,hitter,BAL,28.0,-0.04,-0.04,0.0,2.0,1,-100.0,-0.51,0.0,,,
676551,Brewer Hicklen,hitter,ATL,30.0,-0.01,0.2,-0.26,38.0,17,141.21,1.91,-2.0,,,
676566,Shawn Ross,hitter,PIT,26.0,0.05,0.05,0.0,5.0,2,153.84,0.3,0.0,,,
676572,Eric Wagaman,hitter,NYM,28.0,-0.3,-0.2,-0.24,52.0,26,64.478,-2.32,-1.0,,,
676609,José Caballero,hitter,NYY,29.0,2.28,1.0,1.78,442.0,131,84.709,-9.07,9.0,,,
676679,Luis Vázquez,hitter,BAL,26.0,0.02,0.02,0.0,0.0,1,,0.0,0.0,,,
676694,Jake Meyers,hitter,HOU,30.0,0.08,0.08,0.11,153.0,57,68.897,-3.4,1.0,,,
676724,Jared Young,hitter,NYM,30.0,1.49,1.31,-0.39,342.0,103,111.069,5.44,2.0,,,
676914,Davis Schneider,hitter,TOR,27.0,-0.32,-0.22,-0.22,144.0,65,64.609,-5.13,-2.0,,,
677008,Heston Kjerstad,hitter,BAL,27.0,-0.21,-0.11,-0.11,19.0,11,34.442,-1.63,0.0,,,
677060,Chad Stevens,hitter,COL,27.0,-0.31,-0.52,0.25,34.0,16,-39.612,-5.94,2.0,,,
677347,Kyren Paris,hitter,LAA,24.0,-0.5,-0.3,-0.22,18.0,8,-46.323,-2.86,-2.0,,,
677587,Brayan Rocchio,hitter,CLE,25.0,2.36,2.75,0.52,572.0,148,96.032,-1.38,-3.0,,,
677588,José Tena,hitter,WSN,25.0,-0.49,-0.37,-0.66,287.0,113,84.929,-5.93,-2.0,,,
677592,Everson Pereira,hitter,STL,25.0,0.01,0.31,-0.41,111.0,38,108.6,0.83,-2.0,,,
677594,Julio Rodríguez,hitter,SEA,25.0,2.72,3.21,-0.09,631.0,145,101.977,1.31,-8.0,,,
677595,Ronny Mauricio,hitter,NYM,25.0,-0.5,-0.3,-0.15,54.0,18,26.577,-5.22,-1.0,,,
677649,Ezequiel Duran,hitter,TEX,27.0,4.4,3.86,1.0,574.0,147,118.458,13.26,6.0,,,
677800,Wilyer Abreu,hitter,BOS,27.0,5.69,2.92,2.26,657.0,151,119.717,12.95,16.0,,,
677870,Leo Jimenez,hitter,MIA,25.0,-0.74,-0.32,-0.45,194.0,66,63.092,-7.52,-5.0,,,
677942,Blaze Alexander,hitter,BAL,27.0,1.82,1.81,0.25,289.0,93,119.974,6.78,-1.0,,,
677943,Will Banfield,hitter,CIN,26.0,-0.05,-0.05,0.03,15.0,9,29.0,-1.45,0.0,,,
677950,Alek Thomas,hitter,LAD,26.0,-0.06,-0.25,0.3,120.0,35,51.703,-7.27,0.0,,,
677951,Bobby Witt Jr.,hitter,KCR,26.0,6.45,5.69,1.58,607.0,137,126.095,17.12,4.0,,,
677956,Rece Hinds,hitter,BAL,25.0,-0.57,-0.57,-0.07,66.0,24,33.791,-5.77,0.0,,,
678009,Parker Meadows,hitter,DET,26.0,0.15,0.15,0.03,39.0,12,80.302,-1.12,0.0,,,
678011,Anthony Seigler,hitter,BOS,27.0,0.45,0.87,-0.27,173.0,49,104.947,1.29,-5.0,,,
678218,Brandon Valenzuela,hitter,TOR,25.0,1.18,0.76,0.93,264.0,88,82.978,-5.35,2.0,,,
678225,Jihwan Bae,hitter,MIL,26.0,0.1,0.1,-0.01,4.0,4,230.622,0.63,0.0,,,
678246,Miguel Vargas,hitter,CHW,26.0,5.35,5.43,0.09,680.0,154,134.866,26.43,-1.0,,,
678391,Jorbit Vivas,hitter,WSN,25.0,1.22,1.03,0.45,355.0,118,86.246,-3.72,1.0,,,
678489,Jorge Barrosa,hitter,HOU,25.0,0.51,0.21,0.24,169.0,101,74.213,-4.46,4.0,,,
678545,Osleivis Basabe,hitter,SFG,25.0,-0.48,0.05,-0.38,140.0,44,71.865,-4.83,-3.0,,,
678554,Curtis Mead,hitter,BOS,25.0,2.06,2.27,-0.29,329.0,88,131.141,13.13,0.0,,,
678577,Junior Perez,hitter,CHW,24.0,-0.13,-0.13,-0.05,36.0,22,68.605,-1.69,0.0,,,
678662,Ezequiel Tovar,hitter,COL,24.0,-0.48,-0.45,0.74,487.0,141,55.97,-28.35,-5.0,,,
678760,Eddys Leonard,hitter,SFG,25.0,-0.21,-0.01,-0.2,8.0,3,73.915,-0.31,-1.0,,,
678882,Ceddanne Rafaela,hitter,BOS,25.0,5.43,3.3,2.56,569.0,135,112.65,8.51,13.0,,,
679529,Spencer Torkelson,hitter,DET,26.0,1.0,1.6,-1.33,594.0,154,109.635,5.17,-8.0,,,
679822,Justin Foscue,hitter,TEX,27.0,1.43,1.52,-0.22,238.0,95,137.21,9.78,0.0,,,
679845,Nick Loftin,hitter,KCR,27.0,1.49,1.69,0.07,418.0,116,99.585,-0.51,-3.0,,,
680474,Max Schuemann,hitter,NYY,29.0,-0.2,0.2,-0.5,87.0,42,94.497,-0.37,-3.0,,,
680574,Matt McLain,hitter,CIN,26.0,-0.3,0.25,-0.01,477.0,129,69.057,-19.42,-3.0,,,
680577,DaShawn Keirsey Jr.,hitter,ATL,29.0,0.05,0.05,0.0,1.0,2,454.696,0.48,0.0,,,
680664,Eduardo Valencia,hitter,DET,26.0,1.51,1.39,0.08,119.0,37,177.439,11.57,1.0,,,
680700,Richie Palacios,hitter,TBR,29.0,2.0,1.56,0.75,381.0,119,98.183,-0.52,2.0,,,
680716,Jonathan Ornelas,hitter,MIL,26.0,-0.39,-0.19,-0.19,22.0,9,17.396,-2.38,-2.0,,,
680718,Addison Barger,hitter,TOR,26.0,-0.21,-0.32,0.09,28.0,9,-11.293,-3.55,0.0,,,
680728,Adrian Del Castillo,hitter,ARI,26.0,-0.82,-0.71,-0.29,195.0,62,55.09,-10.02,0.0,,,
680737,Michael Helman,hitter,TEX,30.0,-0.24,-0.04,-0.17,35.0,15,55.199,-1.98,-2.0,,,
680757,Steven Kwan,hitter,CLE,28.0,5.16,3.23,1.81,613.0,146,108.143,11.29,9.0,,,
680776,Jarren Duran,hitter,BOS,29.0,0.29,-0.06,-0.1,592.0,145,74.533,-20.5,0.0,,,
680777,Ryan Jeffers,hitter,MIN,29.0,2.55,2.75,0.35,357.0,89,126.831,11.91,1.0,,,
680779,Henry Davis,hitter,PIT,26.0,0.49,0.0,1.08,291.0,95,58.385,-14.19,1.0,,,
680869,Zack Gelof,hitter,OAK,26.0,3.12,2.28,1.05,410.0,105,110.483,6.87,7.0,,,
680911,Owen Miller,hitter,CHC,29.0,0.0,0.0,0.0,0.0,1,,0.0,0.0,,,
680977,Brendan Donovan,hitter,SEA,29.0,0.49,0.91,-0.3,159.0,39,126.853,5.04,-4.0,,,
681047,Christian Franklin,hitter,BAL,26.0,0.09,-0.12,0.19,46.0,18,45.514,-2.52,2.0,,,
681082,Bryson Stott,hitter,PHI,28.0,1.25,2.12,-0.37,584.0,149,89.834,-8.08,-4.0,,,
681146,Jonah Bride,hitter,TEX,30.0,0.0,0.0,0.0,6.0,2,61.056,-0.2,0.0,,,
681198,TJ Rumfield,hitter,COL,26.0,3.49,2.82,-0.09,613.0,150,120.358,18.3,8.0,,,
681230,B.J. Murray,hitter,CHC,26.0,-0.22,-0.22,-0.02,11.0,7,-49.542,-2.29,0.0,,,
681297,Colton Cowser,hitter,BAL,26.0,2.53,1.04,1.58,380.0,139,93.632,-2.96,11.0,,,
681351,Logan O'Hoppe,hitter,TEX,26.0,-1.0,0.02,-0.59,274.0,85,66.643,-11.5,0.0,,,
681393,Connor Norby,hitter,COL,26.0,0.79,1.23,-0.68,367.0,100,97.063,2.58,-1.0,,,
681481,Kerry Carpenter,hitter,DET,28.0,-0.58,-0.07,-0.98,259.0,81,91.056,-3.43,-6.0,,,
681508,Mickey Gasper,hitter,BOS,30.0,1.23,1.32,-0.32,217.0,63,131.276,8.55,-2.0,,,
681546,James Outman,hitter,DET,29.0,-0.3,-0.53,0.18,170.0,94,53.926,-10.27,3.0,,,
681624,Andy Pages,hitter,LAD,25.0,5.41,3.49,2.34,550.0,128,117.205,12.14,8.0,,,
681715,Heriberto Hernández,hitter,MIA,26.0,2.22,2.14,-0.34,479.0,124,111.306,10.31,2.0,,,
681807,David Fry,hitter,CLE,30.0,-0.02,-0.03,-0.27,198.0,87,86.732,-3.11,1.0,,,
681909,Justin Dean,hitter,CHC,29.0,0.16,0.16,-0.03,10.0,17,208.175,1.27,0.0,,,
681987,Nate Eaton,hitter,BOS,29.0,0.43,-0.1,0.47,55.0,22,53.998,-2.56,0.0,,,
682177,Daniel Schneemann,hitter,CLE,29.0,0.95,0.31,0.9,282.0,90,67.638,-10.9,2.0,,,
682515,Logan Porter,hitter,LAA,30.0,0.09,0.09,0.01,6.0,3,189.897,0.63,0.0,,,
682622,Noelvi Marte,hitter,CIN,24.0,-1.44,-0.82,-0.81,201.0,63,51.568,-12.83,-3.0,,,
682626,Francisco Alvarez,hitter,NYM,24.0,0.47,1.12,-0.22,403.0,109,97.909,-1.41,0.0,,,
682634,Kevin Alcántara,hitter,CHC,23.0,-0.17,-0.17,-0.13,28.0,24,76.82,-0.96,0.0,,,
682641,Luis Matos,hitter,MIL,24.0,-0.13,-0.23,0.06,21.0,9,23.325,-2.05,0.0,,,
682657,Angel Martínez,hitter,CLE,24.0,1.1,1.19,-0.5,393.0,108,109.796,3.38,-3.0,,,
682663,Agustín Ramírez,hitter,MIA,24.0,-0.15,0.28,-0.53,232.0,66,96.208,-0.31,0.0,,,
682668,Luisangel Acuña,hitter,CHW,24.0,-0.32,-0.44,0.5,217.0,98,47.34,-14.97,0.0,,,
682674,Victor Bericoto,hitter,SFG,24.0,-0.27,-0.05,-0.37,97.0,36,99.221,-0.82,-3.0,,,
682729,Jonatan Clase,hitter,TOR,24.0,0.33,0.22,0.09,25.0,9,145.84,1.34,1.0,,,
682818,Yohendrick Pinango,hitter,TOR,24.0,-0.65,-0.15,-0.76,180.0,58,92.261,-2.55,-3.0,,,
682829,Elly De La Cruz,hitter,CIN,24.0,5.48,6.24,-0.03,609.0,137,142.819,32.33,-9.0,,,
682848,Endy Rodríguez,hitter,PIT,26.0,0.63,1.25,-0.39,159.0,45,126.358,5.29,0.0,,,
682877,Juan Brito,hitter,CIN,24.0,-0.18,0.12,-0.23,99.0,29,85.825,-1.88,-3.0,,,
682927,Ronny Simon,hitter,PIT,26.0,0.09,0.19,-0.18,52.0,16,113.084,0.58,0.0,,,
682928,CJ Abrams,hitter,WSN,25.0,4.69,4.85,0.62,634.0,147,123.61,16.2,-4.0,,,
682985,Riley Greene,hitter,DET,25.0,2.71,3.71,-1.56,574.0,136,137.232,24.77,-6.0,,,
682987,Spencer Jones,hitter,NYY,25.0,1.11,1.31,-0.32,269.0,81,109.668,3.47,0.0,,,
682988,Tyler Locklear,hitter,ARI,25.0,0.05,0.16,-0.18,42.0,15,121.522,0.99,-1.0,,,
682997,Tyler Callihan,hitter,PIT,26.0,-0.61,-0.09,-0.61,107.0,37,80.184,-3.28,-3.0,,,
682998,Corbin Carroll,hitter,ARI,25.0,4.89,3.61,0.8,646.0,150,119.884,12.76,16.0,,,
683002,Gunnar Henderson,hitter,BAL,25.0,3.35,3.32,0.9,690.0,155,103.201,1.7,2.0,,,
683011,Anthony Volpe,hitter,NYY,25.0,1.28,0.86,0.8,231.0,66,86.466,-3.59,5.0,,,
683021,Michael Stefanic,hitter,OAK,30.0,-0.26,0.05,-0.29,25.0,15,97.897,-0.03,-3.0,,,
683079,Omar Martínez,hitter,LAA,24.0,0.01,0.01,0.01,3.0,5,93.207,-0.03,0.0,,,
683083,Nasim Nuñez,hitter,WSN,25.0,1.13,-0.39,2.09,481.0,142,49.343,-25.99,13.0,,,
683090,Matthew Lugo,hitter,KCR,25.0,-0.1,-0.21,0.05,15.0,9,-0.076,-1.9,0.0,,,
683146,Brett Baty,hitter,NYM,26.0,1.22,0.74,0.4,457.0,137,88.625,-5.89,3.0,,,
683227,Cody Freeman,hitter,TEX,25.0,0.2,0.29,-0.03,93.0,33,91.213,-0.44,-1.0,,,
683357,Owen Caissie,hitter,MIA,23.0,-0.16,0.58,-1.2,330.0,108,96.249,-1.11,-2.0,,,
683679,Jesús Rodríguez,hitter,SFG,24.0,-0.15,0.15,-0.25,58.0,22,104.08,0.28,-1.0,,,
683734,Andrew Vaughn,hitter,MIL,28.0,1.61,1.74,-0.52,331.0,104,130.719,13.32,-2.0,,,
683737,Michael Busch,hitter,CHC,28.0,1.53,1.81,-0.98,685.0,154,105.717,6.46,-3.0,,,
683748,Víctor Mesa Jr.,hitter,TBR,24.0,2.8,1.41,1.14,241.0,73,127.241,6.49,12.0,,,
683766,Christian Koss,hitter,SFG,28.0,0.29,0.3,0.25,203.0,65,68.837,-7.19,0.0,,,
683953,Travis Bazzana,hitter,CLE,23.0,2.31,2.7,-0.11,494.0,118,111.107,5.84,-3.0,,,
685133,Wade Meckler,hitter,LAA,26.0,2.12,1.78,-0.04,312.0,92,113.232,5.57,3.0,,,
686217,Sal Frelick,hitter,MIL,26.0,-0.48,-0.25,-0.55,372.0,107,71.664,-12.61,3.0,,,
686452,Drew Millas,hitter,WSN,28.0,-0.57,-0.25,-0.02,152.0,50,49.97,-9.26,-1.0,,,
686469,Vinnie Pasquantino,hitter,KCR,28.0,1.85,1.32,0.0,455.0,108,107.943,3.88,4.0,,,
686475,Tyler Tolbert,hitter,KCR,28.0,1.12,0.8,0.33,143.0,76,113.801,2.38,5.0,,,
686527,Dominic Canzone,hitter,SEA,28.0,2.56,2.54,-0.96,505.0,140,134.089,17.81,-1.0,,,
686554,Oliver Dunn,hitter,TBR,28.0,-0.18,-0.18,0.0,12.0,9,-24.817,-1.9,0.0,,,
686555,Isaac Collins,hitter,KCR,28.0,0.73,0.38,-0.08,504.0,141,86.394,-6.16,2.0,,,
686611,Dylan Crews,hitter,WSN,24.0,0.54,0.47,-0.11,423.0,104,80.216,-10.47,0.0,,,
686668,Brenton Doyle,hitter,CHW,28.0,-0.15,-0.15,0.17,210.0,82,58.853,-10.69,-1.0,,,
686681,Michael Massey,hitter,KCR,28.0,2.26,1.71,0.9,430.0,126,108.513,2.36,5.0,,,
686765,Nick Sogard,hitter,BOS,28.0,1.29,1.28,0.06,252.0,60,106.126,2.91,-1.0,,,
686780,Pedro Pagés,hitter,STL,27.0,0.09,0.0,0.49,206.0,80,65.763,-9.05,-1.0,,,
686797,Brooks Lee,hitter,MIN,25.0,2.58,2.66,0.53,609.0,151,104.175,3.23,-4.0,,,
686823,Will Brennan,hitter,SFG,28.0,-0.46,-0.46,-0.04,23.0,11,-50.467,-4.52,0.0,,,
686894,Joey Wiemer,hitter,WSN,27.0,0.65,0.66,-0.06,83.0,32,149.314,4.38,0.0,,,
686948,Drake Baldwin,hitter,ATL,25.0,3.58,3.52,0.23,592.0,133,122.369,15.84,1.0,,,
687093,Vaughn Grissom,hitter,LAA,25.0,0.41,1.21,-0.88,446.0,113,96.602,-0.49,-8.0,,,
687221,Dalton Rushing,hitter,LAD,25.0,1.38,1.81,-0.1,250.0,78,117.165,5.15,-1.0,,,
687231,Darell Hernaiz,hitter,OAK,24.0,-0.53,-0.01,-0.27,157.0,56,66.833,-6.77,-4.0,,,
687263,Zach Neto,hitter,LAA,25.0,4.86,3.89,1.9,675.0,151,115.64,11.56,7.0,,,
687282,Gabriel Rincones Jr.,hitter,PHI,25.0,-0.69,-0.68,-0.09,89.0,29,29.004,-8.18,0.0,,,
687363,Victor Scott II,hitter,STL,25.0,-0.44,-0.43,0.06,192.0,78,50.955,-11.2,1.0,,,
687394,Jack Brannigan,hitter,PIT,25.0,-0.03,-0.03,0.0,1.0,2,-100.0,-0.27,0.0,,,
687401,Joey Ortiz,hitter,MIL,27.0,2.54,1.75,1.4,403.0,131,100.572,-1.55,8.0,,,
687462,Spencer Horwitz,hitter,PIT,28.0,0.08,0.22,-0.63,433.0,109,94.001,-2.66,-3.0,,,
687515,Colby Thomas,hitter,OAK,25.0,-0.64,-0.55,-0.32,121.0,55,55.581,-6.72,0.0,,,
687529,Grant McCray,hitter,SFG,25.0,0.02,-0.07,0.01,89.0,40,51.821,-4.74,0.0,,,
687551,Drew Gilbert,hitter,SFG,25.0,1.56,1.38,0.3,384.0,129,103.837,3.51,1.0,,,
687597,Jordan Beck,hitter,COL,25.0,-1.13,-1.12,-0.24,168.0,59,41.946,-13.17,-2.0,,,
687605,Andrew Pinckney,hitter,WSN,25.0,0.15,-0.06,0.17,29.0,17,113.883,0.03,1.0,,,
687637,Dylan Beavers,hitter,BAL,24.0,-0.49,0.21,-1.08,344.0,100,90.631,-4.53,-6.0,,,
687749,Jase Bowen,hitter,SDP,25.0,-0.61,-0.81,-0.1,97.0,77,28.758,-9.13,0.0,,,
687859,Troy Johnston,hitter,COL,29.0,-0.78,0.18,-1.62,438.0,124,95.579,-2.92,-4.0,,,
687952,Christian Encarnacion-Strand,hitter,BAL,26.0,1.22,1.21,0.11,201.0,55,129.187,6.24,-1.0,,,
687957,Dustin Harris,hitter,SDP,26.0,0.72,0.72,-0.16,126.0,39,113.743,1.91,-1.0,,,
688363,Graham Pauley,hitter,MIA,25.0,-0.19,-0.08,-0.1,146.0,59,77.057,-4.25,-2.0,,,
689414,Liam Hicks,hitter,TBR,27.0,3.28,3.31,-0.05,532.0,137,129.098,19.48,3.0,,,
690022,Ryan Ritter,hitter,COL,25.0,-0.15,-0.25,0.13,21.0,16,-4.275,-2.96,1.0,,,
690291,Jace Jung,hitter,DET,25.0,-0.04,-0.04,-0.03,9.0,4,40.578,-0.48,0.0,,,
690924,Braxton Fulford,hitter,COL,27.0,-0.36,-0.25,-0.13,83.0,44,36.006,-5.76,0.0,,,
690976,Alex Freeland,hitter,LAD,24.0,1.13,0.53,0.87,269.0,89,80.957,-6.13,6.0,,,
690984,Petey Halpin,hitter,CLE,24.0,0.0,0.09,0.03,185.0,77,63.523,-8.84,-5.0,,,
690993,Colt Keith,hitter,DET,24.0,0.86,1.25,-0.79,423.0,140,102.934,-0.07,-6.0,,,
691002,Yohandy Morales,hitter,WSN,24.0,0.37,0.37,-0.05,36.0,13,158.177,2.46,0.0,,,
691011,Drew Romo,hitter,CHW,24.0,-0.42,-0.12,0.11,203.0,60,47.318,-11.56,-1.0,,,
691016,Tyler Soderstrom,hitter,OAK,24.0,2.73,2.39,-0.07,453.0,109,121.777,11.95,-1.0,,,
691019,Kyle Teel,hitter,CHW,24.0,0.6,0.49,0.32,121.0,34,78.892,-1.34,1.0,,,
691023,Jordan Walker,hitter,STL,24.0,3.51,4.19,-1.18,644.0,152,128.041,24.1,-5.0,,,
691026,Masyn Winn,hitter,STL,24.0,2.7,1.81,1.68,518.0,132,81.291,-8.63,3.0,,,
691176,Jasson Domínguez,hitter,NYY,23.0,-0.23,-0.13,-0.34,222.0,57,75.547,-7.12,2.0,,,
691181,Emmanuel Rodriguez,hitter,MIN,23.0,0.59,0.05,0.53,37.0,10,87.155,-0.16,3.0,,,
691182,Adael Amador,hitter,COL,23.0,0.47,0.48,-0.02,77.0,22,126.675,2.06,0.0,,,
691277,Deyvison De Los Santos,hitter,MIA,23.0,-0.27,-0.27,-0.05,25.0,13,34.697,-2.28,0.0,,,
691373,Jhostynxon Garcia,hitter,PIT,23.0,-0.76,-0.56,-0.25,50.0,20,6.186,-6.29,-1.0,,,
691406,Junior Caminero,hitter,TBR,22.0,5.55,5.43,0.59,677.0,155,146.805,32.61,0.0,,,
691458,Blaze Jordan,hitter,STL,23.0,0.35,0.16,0.26,199.0,58,86.553,-3.32,1.0,,,
691594,Javier Sanoja,hitter,MIA,23.0,2.72,2.86,0.17,464.0,138,120.401,13.39,1.0,,,
691620,Jeferson Quero,hitter,MIL,23.0,0.04,0.04,0.01,2.0,1,55.521,0.04,0.0,,,
691718,Pete Crow-Armstrong,hitter,CHC,24.0,9.56,7.97,2.1,702.0,156,156.733,43.71,18.0,,,
691720,Kyle Karros,hitter,COL,23.0,1.36,2.0,-0.33,450.0,125,101.92,1.95,-6.0,,,
691723,Coby Mayo,hitter,BAL,24.0,0.98,2.0,-1.23,437.0,128,113.279,7.02,-9.0,,,
691728,Zac Veen,hitter,COL,24.0,-0.34,0.17,-0.62,69.0,32,91.449,-0.98,-3.0,,,
691740,Daniel Susac,hitter,SFG,25.0,0.48,0.39,0.39,161.0,53,86.403,-2.79,0.0,,,
691777,Max Muncy,hitter,OAK,23.0,-1.11,0.22,-1.38,284.0,82,87.578,-5.41,-12.0,,,
691781,Brady House,hitter,WSN,23.0,0.5,0.93,-0.33,340.0,91,91.432,-2.71,-2.0,,,
691783,Jordan Lawlar,hitter,ARI,23.0,0.78,0.68,0.14,124.0,39,112.037,2.29,2.0,,,
691785,Marcelo Mayer,hitter,BOS,23.0,-0.18,0.01,0.08,232.0,71,65.401,-9.19,-1.0,,,
691788,Joe Mack,hitter,MIA,23.0,1.29,1.09,0.82,320.0,102,88.74,-5.94,0.0,,,
691858,Jared Serna,hitter,MIA,24.0,-0.07,-0.07,0.02,16.0,11,70.178,-0.85,0.0,,,
691907,Tsung-Che Cheng,hitter,BOS,24.0,-0.05,-0.05,0.08,44.0,14,72.153,-1.69,1.0,,,
692216,CJ Kayfus,hitter,CLE,24.0,-0.02,-0.02,-0.03,25.0,9,81.491,-0.55,0.0,,,
693304,Nick Gonzales,hitter,PIT,27.0,1.41,2.88,-1.09,592.0,144,105.079,5.57,-15.0,,,
693306,Aaron Sabato,hitter,MIN,27.0,-0.11,-0.11,-0.01,3.0,1,-100.0,-0.78,0.0,,,
693307,Dillon Dingler,hitter,DET,27.0,4.23,3.57,1.26,594.0,142,109.096,7.5,-1.0,,,
693409,César Prieto,hitter,STL,27.0,-0.71,-0.61,-0.07,35.0,15,-57.377,-7.01,-1.0,,,
693459,Kyler Fedko,hitter,MIN,26.0,-0.4,-0.4,-0.03,19.0,14,-66.794,-3.78,0.0,,,
694025,Felix Reyes,hitter,PHI,25.0,-0.57,-0.47,-0.15,38.0,12,10.256,-4.88,-1.0,,,
694192,Jackson Chourio,hitter,MIL,22.0,4.5,3.2,0.99,553.0,121,125.416,15.2,10.0,,,
694197,Angel Genao,hitter,CLE,22.0,0.42,0.09,0.46,132.0,37,64.783,-5.13,5.0,,,
694203,Denzer Guzman,hitter,LAA,22.0,-0.41,0.1,-0.3,281.0,81,74.437,-9.13,-1.0,,,
694208,Moisés Ballesteros,hitter,LAA,22.0,-0.62,-0.4,-0.65,332.0,99,75.348,-10.9,-1.0,,,
694212,Samuel Basallo,hitter,BAL,21.0,1.57,1.04,0.65,399.0,112,96.418,-2.16,0.0,,,
694224,Gabriel Gonzalez,hitter,MIN,22.0,0.11,0.11,-0.01,11.0,7,106.362,1.0,0.0,,,
694249,Cole Carrigg,hitter,COL,24.0,0.95,1.59,-0.28,348.0,87,106.157,0.68,-2.0,,,
694362,Blake Dunn,hitter,CIN,27.0,1.06,0.55,0.49,155.0,38,101.476,-0.06,3.0,,,
694371,Tommy Troy,hitter,ARI,24.0,0.08,0.09,-0.09,143.0,45,76.498,-3.21,-2.0,,,
694374,Tim Tawa,hitter,ARI,27.0,-0.35,-0.33,-0.36,326.0,98,86.292,-4.76,2.0,,,
694376,Shay Whitcomb,hitter,SFG,27.0,-0.26,-0.46,0.25,108.0,44,44.059,-6.74,3.0,,,
694377,Nick Yorke,hitter,PIT,24.0,-0.52,-0.41,-0.11,117.0,40,53.967,-6.9,0.0,,,
694378,Jacob Gonzalez,hitter,PIT,24.0,-0.29,-0.19,-0.03,219.0,78,72.835,-8.49,-1.0,,,
694384,Nolan Schanuel,hitter,LAA,24.0,2.06,1.93,-0.39,446.0,107,112.182,7.52,2.0,,,
694388,Joey Loperfido,hitter,HOU,27.0,0.09,0.08,-0.08,121.0,40,83.599,-2.78,0.0,,,
694410,LuJames Groover,hitter,ARI,24.0,-0.15,-0.36,0.12,54.0,15,47.988,-3.42,2.0,,,
694497,Evan Carter,hitter,TEX,23.0,1.98,1.24,1.11,442.0,136,76.747,-12.07,9.0,,,
694514,Sterlin Thompson,hitter,COL,25.0,-0.35,-0.23,-0.26,77.0,27,79.565,-2.3,-1.0,,,
694671,Wyatt Langford,hitter,TEX,24.0,3.45,2.69,0.44,447.0,104,125.928,14.07,3.0,,,
694673,Abimelec Ortiz,hitter,WSN,24.0,-0.37,-0.57,-0.05,131.0,42,60.343,-7.55,2.0,,,
694728,Brice Matthews,hitter,HOU,24.0,0.05,-0.48,0.56,230.0,83,64.165,-10.66,4.0,,,
694876,Cooper Ingle,hitter,CLE,24.0,-0.41,-0.31,-0.14,24.0,7,-9.53,-2.99,-1.0,,,
695020,Tanner Murray,hitter,CHW,26.0,0.01,0.11,-0.11,33.0,13,69.008,-0.37,-1.0,,,
695238,Will Wagner,hitter,SDP,27.0,0.0,0.21,-0.28,45.0,16,105.21,1.35,-2.0,,,
695257,Billy Cook,hitter,PIT,27.0,-0.33,-0.54,0.05,53.0,83,20.006,-5.91,1.0,,,
695336,Thomas Saggese,hitter,STL,24.0,0.03,0.45,-0.32,162.0,52,93.665,-1.36,-3.0,,,
695391,Brett Harris,hitter,SFG,28.0,0.02,-0.08,0.11,37.0,16,57.597,-1.54,1.0,,,
695490,Edwin Arroyo,hitter,CIN,22.0,-0.72,-0.09,-0.45,160.0,50,48.859,-8.35,-5.0,,,
695491,Joshua Báez,hitter,STL,23.0,0.12,0.54,-0.5,108.0,29,119.811,2.41,-2.0,,,
695506,Jac Caglianone,hitter,KCR,23.0,2.96,3.35,-1.02,531.0,138,130.087,19.33,-6.0,,,
695508,Cam Cauley,hitter,TEX,23.0,-0.43,0.17,-0.56,65.0,34,81.913,-0.89,-6.0,,,
695578,James Wood,hitter,WSN,23.0,3.73,4.5,-1.38,602.0,130,145.78,29.52,-10.0,,,
695600,Carter Jensen,hitter,KCR,22.0,2.96,3.55,-0.19,580.0,144,116.767,10.06,-2.0,,,
695657,Colson Montgomery,hitter,CHW,24.0,2.08,2.47,0.41,616.0,147,97.027,-2.82,-3.0,,,
695670,Harry Ford,hitter,WSN,23.0,0.24,0.35,0.08,111.0,36,80.091,-2.67,0.0,,,
695681,Christian Moore,hitter,LAA,23.0,-1.21,-0.81,-0.37,122.0,32,36.047,-9.6,-5.0,,,
695720,Tommy White,hitter,OAK,23.0,-0.45,-0.56,0.01,182.0,50,62.07,-9.72,3.0,,,
695731,Braden Montgomery,hitter,CHW,23.0,0.06,0.04,-0.27,344.0,87,81.468,-7.27,-2.0,,,
695734,Daylen Lile,hitter,WSN,23.0,1.95,1.27,-0.01,638.0,155,100.381,-2.45,7.0,,,
696030,Alejandro Osuna,hitter,TEX,23.0,0.14,0.54,-0.68,225.0,80,91.909,-0.51,-1.0,,,
696100,Hunter Goodman,hitter,COL,26.0,2.46,2.61,0.26,548.0,132,114.887,8.23,-1.0,,,
696135,Kahlil Watson,hitter,CLE,23.0,0.03,-0.08,0.06,91.0,27,70.544,-3.71,2.0,,,
696285,Jacob Young,hitter,WSN,26.0,1.89,2.12,0.11,459.0,137,95.494,-0.18,1.0,,,
699013,Esmerlyn Valdez,hitter,PIT,22.0,1.0,1.53,-0.76,287.0,72,128.21,9.69,0.0,,,
699024,Leo Bernal,hitter,STL,22.0,0.93,0.73,0.28,79.0,18,145.372,4.95,1.0,,,
699115,Carlos Jorge,hitter,CIN,22.0,-0.38,-0.08,-0.3,27.0,12,7.784,-2.53,-2.0,,,
699302,Héctor Rodríguez,hitter,CIN,22.0,-0.13,-0.02,-0.22,132.0,36,77.362,-3.96,0.0,,,
699393,Pedro Ramírez,hitter,CHC,22.0,1.57,1.08,0.53,245.0,75,103.053,0.72,6.0,,,
699625,Jimmy Crooks,hitter,STL,24.0,-0.53,0.08,-0.37,149.0,52,67.945,-6.04,-1.0,,,
699912,Jose Fernandez,hitter,ARI,22.0,0.24,0.14,-0.14,214.0,69,80.814,-2.99,3.0,,,
700246,Carson Williams,hitter,TBR,23.0,-0.49,-0.39,-0.06,40.0,16,2.578,-4.99,-1.0,,,
700250,Ben Rice,hitter,NYY,27.0,3.44,4.24,-1.88,641.0,148,144.661,32.81,-6.0,,,
700337,Edgar Quero,hitter,CHW,23.0,-0.76,-0.25,-0.15,217.0,69,53.545,-12.1,-1.0,,,
700652,Kenny Piper,hitter,TBR,27.0,0.27,0.17,0.13,11.0,14,153.639,0.67,0.0,,,
700932,Kyle Manzardo,hitter,CLE,25.0,0.56,0.22,-0.27,356.0,102,93.523,-2.42,2.0,,,
701162,Ben Malgeri,hitter,DET,26.0,0.55,0.54,-0.21,128.0,55,108.022,1.14,0.0,,,
701305,Zach Dezenzo,hitter,HOU,26.0,0.18,0.06,0.04,82.0,35,67.896,-2.59,2.0,,,
701350,Roman Anthony,hitter,BOS,22.0,1.04,0.6,0.15,223.0,50,103.854,0.57,0.0,,,
701358,Cam Smith,hitter,HOU,23.0,0.87,0.31,0.11,542.0,151,86.595,-10.56,4.0,,,
701398,Sal Stewart,hitter,CIN,22.0,2.21,2.68,-0.96,673.0,156,121.64,16.32,-2.0,,,
701538,Jackson Merrill,hitter,SDP,23.0,3.66,3.42,0.76,645.0,153,107.944,3.52,-5.0,,,
701649,James Triantos,hitter,CHC,23.0,-0.08,-0.08,0.0,9.0,7,-0.497,-1.09,0.0,,,
701675,Nathan Church,hitter,STL,25.0,2.06,1.57,0.63,452.0,136,90.891,-4.83,3.0,,,
701678,Hao-Yu Lee,hitter,DET,23.0,0.89,1.49,-0.3,340.0,109,110.274,2.72,-5.0,,,
701762,Nick Kurtz,hitter,OAK,23.0,3.74,3.19,0.05,434.0,99,142.622,22.1,2.0,,,
701785,Kaelen Culpepper,hitter,MIN,23.0,0.51,0.6,0.09,120.0,31,106.833,0.51,1.0,,,
701807,Carson Benge,hitter,NYM,23.0,3.52,3.06,0.01,626.0,150,111.35,11.68,3.0,,,
701852,Drew Cavanaugh,hitter,SFG,24.0,0.25,0.16,0.38,157.0,55,69.622,-5.25,1.0,,,
702176,Alan Roden,hitter,MIN,26.0,0.25,0.56,-0.41,87.0,30,109.021,2.95,-1.0,,,
702222,Justin Crawford,hitter,PHI,22.0,-0.38,0.68,-0.71,448.0,143,79.335,-13.95,-10.0,,,
702284,Cole Young,hitter,SEA,22.0,4.16,2.56,2.17,613.0,154,100.005,0.06,16.0,,,
702332,Caleb Durbin,hitter,BOS,26.0,4.25,3.07,1.58,566.0,148,105.529,3.76,8.0,,,
702616,Jackson Holliday,hitter,BAL,22.0,0.18,0.47,0.0,354.0,98,82.649,-9.0,-2.0,,,
703155,Lazaro Montes,hitter,SEA,21.0,0.09,0.19,-0.19,42.0,16,136.56,1.52,-1.0,,,
703197,Michael Arroyo,hitter,SEA,21.0,0.29,0.4,-0.1,25.0,9,198.982,2.64,-1.0,,,
703492,Nick Morabito,hitter,NYM,23.0,-0.12,-0.23,0.03,39.0,16,40.228,-2.64,2.0,,,
703520,Brett Bateman,hitter,TOR,24.0,1.73,1.32,0.5,172.0,38,123.824,4.56,4.0,,,
703601,Max Clark,hitter,DET,21.0,1.2,1.19,0.16,184.0,46,120.403,3.71,1.0,,,
703607,Henry Bolte,hitter,OAK,22.0,2.94,2.61,0.62,445.0,113,108.756,6.83,1.0,,,
800050,Chase DeLauter,hitter,CLE,24.0,3.32,3.08,-0.5,535.0,128,132.057,20.24,2.0,,,
800325,Luis Lara,hitter,MIL,21.0,1.07,0.14,0.8,195.0,57,81.957,-4.84,9.0,,,
800543,Josue De Paula,hitter,LAD,21.0,0.36,0.36,-0.08,38.0,10,169.382,3.34,0.0,,,
801126,Brock Rodden,hitter,SEA,26.0,-0.35,0.15,-0.42,71.0,29,74.344,-1.32,-5.0,,,
801501,Nate Furman,hitter,SFG,24.0,-0.19,-0.29,0.11,39.0,22,8.758,-4.0,1.0,,,
802139,JJ Wetherholt,hitter,STL,23.0,4.58,3.39,1.74,598.0,134,103.752,6.39,8.0,,,
802415,Chandler Simpson,hitter,TBR,25.0,2.65,1.66,0.52,597.0,147,96.046,-3.79,12.0,,,
803011,Sam Antonacci,hitter,CHW,23.0,2.08,2.99,-1.26,534.0,135,112.371,12.53,-6.0,,,
804606,Konnor Griffin,hitter,PIT,20.0,1.76,1.37,0.8,314.0,74,91.826,-4.41,3.0,,,
804668,Rafael Flores,hitter,PIT,25.0,1.16,1.27,0.07,147.0,43,141.983,7.2,0.0,,,
805249,Otto Kemp,hitter,PHI,26.0,-0.72,-0.41,-0.33,27.0,13,-36.278,-4.78,-3.0,,,
805300,Jakob Marsee,hitter,MIA,25.0,1.98,2.95,-0.54,597.0,150,102.009,4.94,-2.0,,,
805346,Ben Ross,hitter,MIN,25.0,-0.19,-0.19,0.01,19.0,8,16.096,-2.14,0.0,,,
805347,Jim Jarvis,hitter,ATL,25.0,0.63,0.12,0.72,124.0,38,55.531,-5.68,2.0,,,
805367,Chase Meidroth,hitter,CHW,24.0,3.84,3.7,0.77,629.0,150,108.639,7.7,1.0,,,
805672,Collin Price,hitter,HOU,26.0,-0.01,-0.01,0.02,13.0,7,37.553,-1.0,0.0,,,
805779,Jacob Wilson,hitter,OAK,24.0,0.68,1.29,-0.17,337.0,80,88.344,-2.28,-8.0,,,
805805,Walker Jenkins,hitter,MIN,21.0,-0.02,0.17,-0.16,75.0,21,89.197,-1.24,-1.0,,,
805808,Kevin McGonigle,hitter,DET,21.0,6.67,5.7,1.77,684.0,151,124.343,22.22,5.0,,,
805811,Bryce Eldridge,hitter,SFG,21.0,1.92,2.26,-1.12,448.0,107,131.786,16.7,-3.0,,,
805904,Zach Cole,hitter,HOU,25.0,-0.12,-0.22,0.04,53.0,19,50.389,-3.45,0.0,,,
805999,A.J. Ewing,hitter,NYM,21.0,2.95,1.94,1.24,469.0,114,96.875,1.03,8.0,,,
806068,Colt Emerson,hitter,SEA,20.0,-0.04,0.16,0.16,241.0,69,66.95,-10.44,-3.0,,,
806146,George Lombard Jr.,hitter,NYY,21.0,1.16,0.42,0.98,146.0,37,87.128,-3.16,6.0,,,
806198,Cooper Pratt,hitter,MIL,21.0,1.64,1.45,0.58,249.0,69,100.113,0.44,0.0,,,
806367,Turner Hill,hitter,SFG,27.0,0.49,0.18,0.2,110.0,30,91.757,-1.1,3.0,,,
806956,Ethan Salas,hitter,SDP,20.0,-0.04,-0.04,0.01,29.0,12,62.043,-1.65,0.0,,,
807712,Luke Keaschall,hitter,MIN,23.0,1.6,3.53,-1.75,598.0,147,112.53,13.18,-16.0,,,
807713,Matt Shaw,hitter,CHC,24.0,0.7,0.4,0.05,188.0,73,104.857,0.78,4.0,,,
807726,John Peck,hitter,DET,23.0,-0.11,-0.12,0.1,66.0,20,45.398,-3.23,-1.0,,,
807727,Charles McAdoo,hitter,TOR,24.0,-0.02,0.07,-0.12,95.0,33,78.023,-1.94,-1.0,,,
807747,Rikuu Nishida,hitter,CHW,25.0,0.04,-0.17,0.18,30.0,12,36.399,-2.06,0.0,,,
807799,Masataka Yoshida,hitter,BOS,32.0,0.63,0.94,-0.89,297.0,87,110.873,4.11,-4.0,,,
808959,Munetaka Murakami,hitter,CHW,26.0,1.86,2.15,-0.91,526.0,121,124.814,12.29,-4.0,,,
808975,Hyeseong Kim,hitter,LAD,27.0,0.49,0.39,0.3,131.0,43,80.436,-3.64,1.0,,,
808982,Jung Hoo Lee,hitter,SFG,27.0,1.09,1.75,-1.07,579.0,143,103.42,2.21,-3.0,,,
810938,Ben Williamson,hitter,TBR,25.0,1.03,0.49,0.87,273.0,84,78.166,-7.99,6.0,,,
811965,Joshua Kuroda-Grauer,hitter,OAK,23.0,0.82,0.81,0.06,62.0,16,179.633,6.61,0.0,,,
813841,Jonah Cox,hitter,SFG,24.0,1.3,0.79,0.61,148.0,57,109.017,0.6,5.0,,,
814154,Scott Bandura,hitter,SFG,24.0,-0.31,-0.21,-0.14,20.0,8,16.584,-2.19,-1.0,,,
814430,Brett Callahan,hitter,DET,24.0,-0.1,-0.11,-0.14,71.0,29,74.744,-1.77,1.0,,,
814439,Ryan Waldschmidt,hitter,ARI,23.0,0.68,0.6,0.07,282.0,80,89.913,-3.36,0.0,,,
815589,Bo Davidson,hitter,SFG,23.0,0.0,0.0,0.0,4.0,1,42.377,-0.29,0.0,,,
815873,Sean Keys,hitter,TOR,23.0,-0.04,-0.15,-0.03,56.0,21,64.347,-2.09,1.0,,,
823550,Sung-Mun Song,hitter,SDP,29.0,-0.27,-0.26,0.2,147.0,75,50.255,-9.26,-1.0,,,
828599,Lucas Spence,hitter,HOU,23.0,-0.22,-0.22,0.04,41.0,14,26.212,-3.49,1.0,,,
434378,Justin Verlander,pitcher,DET,43.0,-0.22,,,,1,,,,1.0,3.7,37.44
445276,Kenley Jansen,pitcher,DET,38.0,0.68,,,,48,,,,0.0,43.0,125.838
453286,Max Scherzer,pitcher,TOR,41.0,-0.44,,,,16,,,,16.0,72.7,72.608
455119,Chris Martin,pitcher,TEX,40.0,-0.77,,,,16,,,,0.0,14.0,43.964
471911,Carlos Carrasco,pitcher,ATL,39.0,-0.22,,,,8,,,,0.0,16.7,72.682
472610,Luis Garcia,pitcher,MIN,39.0,-0.64,,,,15,,,,0.0,15.0,50.021
476594,Robert Stock,pitcher,NYM,36.0,-0.22,,,,8,,,,7.0,30.3,69.925
489446,Kirby Yates,pitcher,PIT,39.0,0.59,,,,44,,,,0.0,39.7,135.739
500743,Miguel Rojas,pitcher,LAD,37.0,-0.18,,,,4,,,,0.0,4.0,33.817
500779,Jose Quintana,pitcher,COL,37.0,0.37,,,,10,,,,10.0,45.0,92.189
518585,Fernando Cruz,pitcher,NYY,36.0,1.13,,,,61,,,,0.0,54.7,134.479
518876,Merrill Kelly,pitcher,ARI,37.0,0.22,,,,28,,,,28.0,156.7,83.901
518886,Craig Kimbrel,pitcher,KCR,38.0,-0.14,,,,46,,,,0.0,46.0,98.668
519141,Drew Pomeranz,pitcher,CHC,37.0,-0.31,,,,31,,,,0.0,29.0,76.508
519242,Chris Sale,pitcher,ATL,37.0,5.37,,,,26,,,,26.0,157.0,194.437
527048,Martín Pérez,pitcher,ATL,35.0,3.06,,,,30,,,,26.0,142.0,139.256
542888,Shawn Armstrong,pitcher,CLE,35.0,-0.01,,,,38,,,,0.0,33.0,83.533
543037,Gerrit Cole,pitcher,NYY,35.0,2.45,,,,21,,,,21.0,121.3,115.312
543056,Danny Coulombe,pitcher,BOS,36.0,-0.04,,,,29,,,,0.0,22.0,92.564
543135,Nathan Eovaldi,pitcher,TEX,36.0,1.34,,,,25,,,,22.0,140.3,94.006
543238,Anthony Gose,pitcher,KCR,35.0,0.42,,,,11,,,,0.0,9.7,
543243,Sonny Gray,pitcher,BOS,36.0,4.09,,,,28,,,,28.0,163.0,145.782
543309,Kyle Higashioka,pitcher,TEX,36.0,-0.23,,,,3,,,,0.0,3.0,20.757
543510,James McCann,pitcher,ARI,36.0,-0.17,,,,4,,,,0.0,4.0,40.58
544150,Albert Suárez,pitcher,BAL,36.0,0.09,,,,27,,,,0.0,59.0,100.074
545121,Ildemaro Vargas,pitcher,ARI,34.0,0.0,,,,3,,,,0.0,3.7,93.7
547179,Michael Lorenzen,pitcher,TOR,34.0,-1.99,,,,32,,,,25.0,127.3,68.474
547184,Michael Kelly,pitcher,OAK,33.0,-0.83,,,,5,,,,0.0,5.0,29.211
547973,Aroldis Chapman,pitcher,BOS,38.0,1.91,,,,52,,,,0.0,50.7,211.164
548384,Brooks Raley,pitcher,PHI,38.0,1.03,,,,60,,,,0.0,51.7,179.566
552640,Andrew Kittredge,pitcher,BAL,36.0,-0.42,,,,54,,,,0.0,47.3,114.268
554430,Zack Wheeler,pitcher,PHI,36.0,5.49,,,,26,,,,26.0,150.3,151.394
571510,Matthew Boyd,pitcher,CHC,35.0,0.75,,,,21,,,,21.0,119.7,104.365
571578,Patrick Corbin,pitcher,TOR,36.0,-0.15,,,,19,,,,15.0,80.0,79.9
571771,Enrique Hernández,pitcher,LAD,34.0,0.03,,,,1,,,,0.0,1.0,
571882,Derek Law,pitcher,ARI,35.0,0.31,,,,7,,,,1.0,9.0,435.4
571912,Luke Maile,pitcher,KCR,35.0,0.03,,,,1,,,,0.0,1.0,
571927,Steven Matz,pitcher,TBR,35.0,-0.7,,,,33,,,,11.0,77.0,76.426
571945,Miles Mikolas,pitcher,WSN,37.0,-0.84,,,,25,,,,11.0,116.0,74.3
571948,Hoby Milner,pitcher,SEA,35.0,0.25,,,,42,,,,0.0,39.0,115.095
572143,Burch Smith,pitcher,DET,36.0,0.08,,,,13,,,,1.0,17.0,134.383
572955,Pierce Johnson,pitcher,CIN,35.0,0.36,,,,54,,,,0.0,46.7,87.448
573009,Joe Mantiply,pitcher,TOR,35.0,0.36,,,,25,,,,0.0,27.0,133.26
573124,Taylor Rogers,pitcher,MIN,35.0,0.07,,,,63,,,,0.0,58.3,93.976
573204,Caleb Thielbar,pitcher,CHC,39.0,-0.19,,,,56,,,,0.0,47.7,90.204
579328,Yusei Kikuchi,pitcher,LAA,35.0,0.28,,,,12,,,,12.0,57.3,80.422
592094,Jason Adam,pitcher,SDP,34.0,0.88,,,,36,,,,0.0,32.3,162.133
592155,Cam Booser,pitcher,TBR,34.0,0.89,,,,39,,,,0.0,38.3,199.633
592288,Kent Emanuel,pitcher,CIN,34.0,0.17,,,,1,,,,1.0,5.0,124.7
592332,Kevin Gausman,pitcher,CHC,35.0,1.01,,,,31,,,,31.0,172.0,96.249
592454,Tommy Kahnle,pitcher,BOS,36.0,-0.2,,,,8,,,,0.0,9.0,53.325
592662,Robbie Ray,pitcher,SDP,34.0,2.15,,,,30,,,,29.0,162.3,117.726
592773,Ryne Stanek,pitcher,STL,34.0,0.16,,,,68,,,,0.0,60.7,94.2
592779,Brock Stewart,pitcher,LAD,34.0,0.53,,,,26,,,,0.0,24.7,166.229
592791,Jameson Taillon,pitcher,TOR,34.0,-0.73,,,,18,,,,18.0,86.0,78.03
592826,Vince Velasquez,pitcher,CHC,34.0,0.11,,,,2,,,,0.0,3.3,
592836,Taijuan Walker,pitcher,PHI,33.0,-0.66,,,,5,,,,4.0,22.7,50.252
592866,Trevor Williams,pitcher,TEX,34.0,0.47,,,,13,,,,1.0,26.3,156.467
593958,Eduardo Rodríguez,pitcher,ARI,33.0,4.64,,,,31,,,,31.0,183.7,144.99
593974,Wandy Peralta,pitcher,SDP,34.0,0.73,,,,63,,,,5.0,73.3,109.603
594027,Tyron Guerrero,pitcher,BOS,35.0,0.11,,,,39,,,,0.0,39.7,130.157
594580,Sam Moll,pitcher,CIN,34.0,-0.28,,,,65,,,,0.0,56.3,87.853
594798,Jacob deGrom,pitcher,TEX,38.0,2.35,,,,30,,,,30.0,158.7,100.001
594835,Marco Gonzales,pitcher,TEX,34.0,0.19,,,,3,,,,0.0,6.7,302.0
595014,Blake Treinen,pitcher,LAD,38.0,0.37,,,,34,,,,0.0,28.0,119.864
595345,Steven Okert,pitcher,HOU,34.0,2.29,,,,68,,,,1.0,67.7,193.525
595978,Austin Hedges,pitcher,CLE,33.0,-0.04,,,,4,,,,0.0,4.3,70.733
596001,Jakob Junis,pitcher,TEX,33.0,0.61,,,,50,,,,1.0,51.7,105.99
596117,Garrett Stubbs,pitcher,PHI,33.0,-0.09,,,,5,,,,0.0,4.7,50.3
596133,Luke Weaver,pitcher,PIT,32.0,1.76,,,,57,,,,0.0,58.0,189.311
596142,Gary Sánchez,pitcher,MIL,33.0,0.06,,,,2,,,,0.0,2.0,
601713,Nick Pivetta,pitcher,SDP,33.0,0.66,,,,7,,,,7.0,30.0,123.2
605130,Scott Barlow,pitcher,OAK,33.0,-0.53,,,,36,,,,0.0,33.3,69.021
605135,Chris Bassitt,pitcher,BAL,37.0,0.67,,,,19,,,,17.0,97.0,88.628
605154,John Brebbia,pitcher,COL,36.0,-0.08,,,,3,,,,0.0,4.3,51.02
605156,Aaron Brooks,pitcher,TBR,36.0,-0.54,,,,1,,,,0.0,0.3,10.833
605218,Carl Edwards Jr.,pitcher,NYM,34.0,0.16,,,,2,,,,0.0,6.0,290.3
605242,Michael Fulmer,pitcher,NYY,33.0,0.06,,,,13,,,,0.0,11.7,97.1
605280,Clay Holmes,pitcher,CHC,33.0,2.06,,,,17,,,,17.0,97.0,139.361
605288,Adrian Houser,pitcher,SFG,33.0,0.8,,,,26,,,,16.0,109.7,100.178
605335,Brandon Leibrandt,pitcher,CIN,33.0,-0.09,,,,1,,,,0.0,6.0,59.18
605400,Aaron Nola,pitcher,PHI,33.0,3.19,,,,31,,,,31.0,168.3,100.881
605441,Yacksel Ríos,pitcher,CHC,33.0,0.05,,,,1,,,,0.0,1.7,
605447,Jordan Romano,pitcher,COL,33.0,0.26,,,,36,,,,0.0,31.7,119.863
605452,Joe Ross,pitcher,TEX,33.0,-0.47,,,,8,,,,0.0,11.7,68.905
605483,Blake Snell,pitcher,LAD,33.0,1.53,,,,8,,,,8.0,38.7,226.8
605488,Jeffrey Springs,pitcher,OAK,33.0,-0.52,,,,28,,,,28.0,138.3,71.801
605540,Brandon Woodruff,pitcher,MIL,33.0,1.06,,,,9,,,,9.0,45.3,140.2
606115,Orlando Arcia,pitcher,MIN,31.0,-0.02,,,,1,,,,0.0,1.0,63.4
606303,Joel Payamps,pitcher,ATL,32.0,-0.41,,,,12,,,,0.0,7.7,53.857
606965,Chris Devenski,pitcher,NYM,35.0,-0.57,,,,9,,,,0.0,7.7,42.687
606996,Kyle Hart,pitcher,SDP,33.0,-0.13,,,,45,,,,4.0,63.0,88.347
607067,Colin Rea,pitcher,CHC,35.0,0.26,,,,32,,,,19.0,134.0,95.586
607074,Carlos Rodón,pitcher,NYY,33.0,1.56,,,,15,,,,15.0,76.3,142.44
607192,Tyler Glasnow,pitcher,LAD,32.0,1.64,,,,12,,,,12.0,67.7,121.631
607200,Erick Fedde,pitcher,CHW,33.0,1.91,,,,32,,,,15.0,138.3,108.387
607259,Nick Martinez,pitcher,TBR,35.0,3.89,,,,29,,,,29.0,171.3,142.352
607455,Anthony Banda,pitcher,MIN,32.0,0.02,,,,39,,,,0.0,34.3,94.765
607481,Aaron Bummer,pitcher,KCR,32.0,-1.28,,,,21,,,,0.0,16.7,53.186
607536,Kyle Freeland,pitcher,COL,33.0,-0.05,,,,24,,,,24.0,128.3,77.659
607625,Seth Lugo,pitcher,KCR,36.0,-0.27,,,,31,,,,31.0,169.0,81.137
608032,Carlos Estévez,pitcher,KCR,33.0,-0.5,,,,1,,,,0.0,0.3,5.367
608331,Max Fried,pitcher,NYY,32.0,3.73,,,,19,,,,19.0,106.0,159.303
608337,Lucas Giolito,pitcher,SDP,31.0,-0.23,,,,7,,,,5.0,29.7,78.841
608344,Cole Irvin,pitcher,LAD,32.0,-0.41,,,,1,,,,0.0,6.0,49.317
608348,Carson Kelly,pitcher,CHC,31.0,-0.02,,,,3,,,,0.0,3.0,78.95
608371,Lucas Sims,pitcher,CHW,32.0,-0.13,,,,9,,,,0.0,10.0,97.18
608372,Tomoyuki Sugano,pitcher,COL,36.0,1.66,,,,28,,,,28.0,147.7,92.375
608379,Michael Wacha,pitcher,KCR,34.0,4.21,,,,31,,,,31.0,194.3,123.068
608566,Germán Márquez,pitcher,SDP,31.0,-0.25,,,,13,,,,10.0,53.0,76.81
608650,Dietrich Enns,pitcher,BAL,35.0,0.12,,,,13,,,,0.0,16.0,106.443
608718,Brent Suter,pitcher,ATL,36.0,0.49,,,,52,,,,3.0,87.0,132.697
608723,Austin Voth,pitcher,MIN,34.0,-0.51,,,,3,,,,0.0,10.0,47.156
615698,Cal Quantrill,pitcher,TEX,31.0,1.98,,,,32,,,,15.0,110.0,134.846
620443,Luis Torrens,pitcher,NYM,30.0,-0.03,,,,2,,,,0.0,2.3,61.65
621016,Jose Cuas,pitcher,KCR,32.0,0.41,,,,22,,,,0.0,20.3,188.46
621053,Tyler Ferguson,pitcher,CHC,32.0,0.05,,,,18,,,,0.0,18.7,111.683
621074,Michael Rucker,pitcher,SEA,32.0,-0.59,,,,34,,,,0.0,39.3,63.578
621097,Jacob Waguespack,pitcher,DET,32.0,1.21,,,,33,,,,1.0,43.7,170.367
621107,Zach Eflin,pitcher,BAL,32.0,0.15,,,,1,,,,1.0,3.7,183.9
621111,Walker Buehler,pitcher,SDP,31.0,0.95,,,,31,,,,31.0,150.0,88.261
621112,Paul Blackburn,pitcher,NYY,32.0,3.1,,,,60,,,,2.0,83.0,258.033
621121,Lance McCullers Jr.,pitcher,MIL,32.0,-0.83,,,,10,,,,8.0,44.0,66.132
621139,Brooks Kriske,pitcher,OAK,32.0,0.14,,,,2,,,,0.0,2.7,
621237,José Alvarado,pitcher,PHI,31.0,0.19,,,,65,,,,0.0,57.3,90.544
621242,Edwin Díaz,pitcher,LAD,32.0,-1.1,,,,18,,,,0.0,15.7,41.4
621345,A.J. Minter,pitcher,MIN,32.0,0.97,,,,45,,,,0.0,43.0,168.2
621366,Ryan Borucki,pitcher,SFG,32.0,-0.11,,,,21,,,,0.0,23.7,82.515
621381,Matt Strahm,pitcher,KCR,34.0,-1.3,,,,41,,,,0.0,35.7,56.555
621383,Tanner Banks,pitcher,PHI,34.0,-0.58,,,,30,,,,1.0,33.0,66.996
621389,Ty Blach,pitcher,CHC,35.0,0.11,,,,1,,,,0.0,3.0,
622088,Tejay Antone,pitcher,CIN,32.0,1.01,,,,55,,,,0.0,52.0,128.111
622491,Luis Castillo,pitcher,CHW,33.0,-1.26,,,,28,,,,23.0,129.7,72.519
622554,Seranthony Domínguez,pitcher,SEA,31.0,0.91,,,,65,,,,0.0,60.0,111.215
622608,Antonio Senzatela,pitcher,MIL,31.0,0.9,,,,55,,,,0.0,71.3,120.813
622663,Luis Severino,pitcher,OAK,32.0,0.95,,,,12,,,,12.0,62.7,106.872
622694,Elieser Hernández,pitcher,ATL,31.0,0.26,,,,4,,,,0.0,11.0,177.833
622761,Jorge Mateo,pitcher,ATL,31.0,0.02,,,,3,,,,0.0,2.3,126.6
623149,Paul Sewald,pitcher,TOR,36.0,-0.6,,,,60,,,,0.0,51.3,199.971
623168,Tyler Heineman,pitcher,LAA,35.0,-0.14,,,,5,,,,0.0,5.3,62.25
623211,Huascar Brazobán,pitcher,CHW,36.0,1.35,,,,57,,,,6.0,63.7,146.372
623352,Josh Hader,pitcher,HOU,32.0,2.8,,,,44,,,,0.0,43.3,497.275
623381,Thomas Pannone,pitcher,MIL,32.0,-0.11,,,,1,,,,1.0,3.0,77.5
623437,Justin Topa,pitcher,NYY,35.0,-0.66,,,,25,,,,0.0,22.0,52.888
623454,Drew Anderson,pitcher,DET,32.0,1.28,,,,48,,,,10.0,102.0,115.92
623465,Evan Phillips,pitcher,LAD,31.0,0.27,,,,28,,,,0.0,23.0,120.678
623474,Jimmy Herget,pitcher,COL,32.0,0.11,,,,50,,,,3.0,51.0,88.084
624133,Ranger Suarez,pitcher,BOS,30.0,2.61,,,,27,,,,27.0,143.3,125.767
624428,Adam Frazier,pitcher,LAA,34.0,-0.13,,,,3,,,,0.0,2.0,26.55
624431,Jose Trevino,pitcher,CIN,33.0,-0.4,,,,7,,,,0.0,9.0,29.027
624512,Reese McGuire,pitcher,CHW,31.0,0.03,,,,1,,,,0.0,1.0,
624522,Keegan Thompson,pitcher,COL,31.0,-0.16,,,,5,,,,0.0,12.0,61.473
625643,Reynaldo López,pitcher,ATL,32.0,0.19,,,,26,,,,13.0,79.3,93.548
628452,Raisel Iglesias,pitcher,ATL,36.0,1.36,,,,57,,,,0.0,58.0,161.194
628708,Yunior Marte,pitcher,CIN,31.0,-0.28,,,,1,,,,0.0,0.3,8.125
640448,Kyle Finnegan,pitcher,DET,34.0,0.28,,,,63,,,,0.0,60.7,97.71
640451,Hunter Harvey,pitcher,CHC,31.0,-0.1,,,,4,,,,0.0,4.0,68.267
640454,Matt Krook,pitcher,WSN,31.0,-0.71,,,,11,,,,0.0,8.3,48.139
640455,Sean Manaea,pitcher,NYM,34.0,-0.04,,,,31,,,,17.0,138.7,86.747
640902,Jhonny Pereda,pitcher,SEA,30.0,-0.08,,,,1,,,,0.0,0.3,15.7
641302,Tyler Alexander,pitcher,TEX,31.0,0.44,,,,71,,,,5.0,68.3,104.939
641312,Shaun Anderson,pitcher,LAA,31.0,-0.61,,,,12,,,,0.0,20.0,53.459
641329,Bryan Baker,pitcher,TBR,31.0,2.75,,,,63,,,,0.0,60.3,281.82
641386,Ben Bowden,pitcher,OAK,31.0,-0.13,,,,1,,,,0.0,1.0,16.55
641401,Connor Brogdon,pitcher,CLE,31.0,-0.36,,,,16,,,,0.0,16.0,81.978
641585,J.P. France,pitcher,HOU,31.0,-0.14,,,,3,,,,0.0,6.7,53.4
641656,Ian Hamilton,pitcher,ATL,31.0,-0.09,,,,4,,,,0.0,4.7,59.025
641743,Anthony Kay,pitcher,CHW,31.0,1.32,,,,31,,,,29.0,149.0,95.936
641745,Brad Keller,pitcher,PHI,30.0,0.6,,,,32,,,,0.0,31.3,113.657
641755,Tyler Kinley,pitcher,DET,35.0,0.95,,,,61,,,,0.0,55.0,148.594
641778,Eric Lauer,pitcher,LAD,31.0,-0.22,,,,22,,,,18.0,108.3,84.303
641793,Zack Littell,pitcher,ARI,30.0,-0.5,,,,26,,,,14.0,124.3,84.193
641816,Tyler Mahle,pitcher,ATL,31.0,1.98,,,,26,,,,26.0,144.0,165.81
641835,Tim Mayza,pitcher,PHI,34.0,1.41,,,,57,,,,6.0,65.0,131.304
641927,Bailey Ober,pitcher,MIN,30.0,1.98,,,,24,,,,23.0,126.0,99.441
641941,Emilio Pagán,pitcher,CIN,35.0,1.18,,,,43,,,,0.0,40.7,119.206
642048,Tayler Saucedo,pitcher,LAA,33.0,0.68,,,,25,,,,0.0,20.3,153.95
642100,Gabe Speier,pitcher,SEA,31.0,0.9,,,,52,,,,0.0,44.0,127.887
642121,Cole Sulser,pitcher,TBR,36.0,-0.35,,,,48,,,,2.0,53.3,95.892
642152,Lou Trivino,pitcher,PHI,34.0,-0.31,,,,5,,,,0.0,6.0,33.754
642207,Devin Williams,pitcher,NYM,31.0,-0.6,,,,42,,,,0.0,38.7,88.9
642215,Weston Wilson,pitcher,SEA,31.0,-0.23,,,,4,,,,0.0,3.3,27.58
642232,Ryan Yarbrough,pitcher,NYY,34.0,0.19,,,,36,,,,1.0,60.0,116.779
642376,Jefry Yan,pitcher,NYM,29.0,0.05,,,,16,,,,0.0,18.0,104.6
642397,Gregory Soto,pitcher,PIT,31.0,0.98,,,,66,,,,0.0,64.3,118.1
642528,Jonathan Loaisiga,pitcher,ARI,31.0,1.72,,,,65,,,,0.0,64.0,186.994
642546,Jonathan Hernández,pitcher,LAD,29.0,-0.11,,,,16,,,,0.0,25.3,74.662
642547,Freddy Peralta,pitcher,TBR,30.0,0.46,,,,31,,,,31.0,163.7,92.976
642585,Félix Bautista,pitcher,BAL,31.0,-0.05,,,,1,,,,0.0,0.7,47.3
642701,Dennis Santana,pitcher,ARI,30.0,-0.01,,,,55,,,,0.0,53.7,185.958
642759,Julian Fernández,pitcher,WSN,30.0,-0.03,,,,3,,,,0.0,4.0,208.6
643361,Kevin Herget,pitcher,NYM,35.0,0.03,,,,1,,,,0.0,1.0,
643377,Griffin Jax,pitcher,TBR,31.0,0.46,,,,33,,,,22.0,109.3,115.755
643410,Mark Leiter Jr.,pitcher,OAK,35.0,0.54,,,,36,,,,0.0,33.7,104.556
643511,Tyler Rogers,pitcher,TOR,35.0,1.76,,,,73,,,,0.0,70.0,244.85
644433,Chadwick Tromp,pitcher,BAL,31.0,-0.06,,,,1,,,,0.0,1.0,31.25
645261,Sandy Alcantara,pitcher,MIA,30.0,2.97,,,,34,,,,33.0,212.0,102.971
645302,Víctor Robles,pitcher,SEA,29.0,-0.1,,,,1,,,,0.0,1.0,20.067
646241,Enmanuel De Jesus,pitcher,DET,29.0,0.16,,,,30,,,,0.0,42.3,110.139
646242,Jhonathan Díaz,pitcher,SEA,29.0,-0.01,,,,1,,,,0.0,1.3,74.6
647315,Zach Pop,pitcher,PHI,29.0,0.13,,,,7,,,,1.0,7.3,128.467
647336,Michael Soroka,pitcher,ARI,28.0,2.01,,,,20,,,,19.0,104.3,121.67
650556,Bryan Abreu,pitcher,HOU,29.0,0.88,,,,64,,,,0.0,60.3,106.258
650633,Michael King,pitcher,SDP,31.0,4.31,,,,31,,,,31.0,181.0,132.631
650644,Aaron Civale,pitcher,CHC,31.0,1.37,,,,32,,,,15.0,107.0,149.99
650911,Cristopher Sánchez,pitcher,PHI,29.0,7.73,,,,32,,,,32.0,200.0,154.845
650960,Daniel Duarte,pitcher,NYM,29.0,1.1,,,,24,,,,0.0,29.7,195.443
655316,Andruw Monasterio,pitcher,BOS,29.0,-0.16,,,,1,,,,0.0,0.7,9.46
655889,Manuel Rodríguez,pitcher,TBR,29.0,0.04,,,,4,,,,0.0,4.7,116.85
656212,Charlie Barnes,pitcher,LAD,30.0,-0.23,,,,5,,,,0.0,13.0,65.091
656222,Jalen Beeks,pitcher,TEX,32.0,0.23,,,,29,,,,0.0,26.0,102.591
656234,Jake Bird,pitcher,WSN,30.0,-0.3,,,,44,,,,0.0,38.7,85.798
656240,Scott Blewett,pitcher,OAK,30.0,0.59,,,,22,,,,0.0,33.3,155.82
656271,Brock Burke,pitcher,CIN,29.0,1.24,,,,75,,,,0.0,72.3,177.858
656288,Griffin Canning,pitcher,SDP,30.0,-0.51,,,,28,,,,11.0,83.7,72.096
656302,Dylan Cease,pitcher,TOR,30.0,5.68,,,,29,,,,29.0,169.0,183.373
656427,Jack Flaherty,pitcher,DET,30.0,-0.12,,,,19,,,,19.0,86.3,91.484
656457,Tyler Gilbert,pitcher,CHW,32.0,-0.43,,,,5,,,,1.0,6.0,37.288
656464,Kevin Ginkel,pitcher,ARI,32.0,0.15,,,,70,,,,0.0,64.7,97.513
656492,Foster Griffin,pitcher,CLE,30.0,2.96,,,,30,,,,30.0,166.7,125.395
656529,Sam Hentges,pitcher,SFG,29.0,0.31,,,,42,,,,0.0,34.3,119.108
656546,Jeff Hoffman,pitcher,MIN,33.0,0.52,,,,70,,,,0.0,65.0,135.564
656550,Grant Holmes,pitcher,ATL,30.0,2.66,,,,30,,,,29.0,147.7,121.937
656577,Alex Jackson,pitcher,MIN,30.0,-0.08,,,,2,,,,0.0,2.0,36.633
656605,Mitch Keller,pitcher,PIT,30.0,0.15,,,,22,,,,22.0,115.7,84.109
656638,Alex Lange,pitcher,KCR,30.0,-1.13,,,,56,,,,0.0,57.7,67.726
656641,Jacob Latz,pitcher,TEX,30.0,2.56,,,,56,,,,1.0,69.3,186.319
656686,Corbin Martin,pitcher,CHC,30.0,-0.33,,,,7,,,,0.0,5.0,41.967
656716,Zach McKinstry,pitcher,DET,31.0,-0.13,,,,2,,,,0.0,2.0,27.475
656730,Trevor Megill,pitcher,MIL,32.0,1.66,,,,61,,,,0.0,59.7,153.472
656756,Jordan Montgomery,pitcher,TEX,33.0,0.07,,,,10,,,,0.0,21.7,94.33
656786,Parker Mushinski,pitcher,COL,30.0,0.24,,,,8,,,,0.0,6.7,191.6
656794,Sean Newcomb,pitcher,CHW,33.0,1.77,,,,57,,,,6.0,86.0,130.626
656848,Michael Petersen,pitcher,MIA,32.0,1.06,,,,62,,,,0.0,62.7,127.832
656849,David Peterson,pitcher,CHC,30.0,-0.35,,,,31,,,,22.0,143.3,88.721
656876,Drew Rasmussen,pitcher,TBR,30.0,4.18,,,,29,,,,29.0,165.3,153.862
656945,Tanner Scott,pitcher,LAD,31.0,1.67,,,,67,,,,0.0,61.7,151.763
656986,Bennett Sousa,pitcher,HOU,31.0,-0.3,,,,32,,,,1.0,27.3,78.806
657044,Ryan Thompson,pitcher,ARI,34.0,-0.14,,,,46,,,,0.0,40.7,95.365
657097,Jacob Webb,pitcher,CHC,32.0,0.45,,,,66,,,,0.0,64.7,122.132
657265,Peter Strzelecki,pitcher,STL,31.0,-0.19,,,,8,,,,0.0,14.0,69.089
657277,Logan Webb,pitcher,SFG,29.0,1.42,,,,27,,,,27.0,160.7,93.294
657376,Clarke Schmidt,pitcher,NYY,30.0,0.03,,,,1,,,,0.0,0.7,
657424,Matt Gage,pitcher,SFG,33.0,-0.38,,,,34,,,,0.0,27.3,72.718
657514,Brennan Bernardino,pitcher,COL,34.0,2.02,,,,72,,,,2.0,62.3,172.065
657571,Caleb Ferguson,pitcher,STL,29.0,-0.02,,,,35,,,,1.0,33.0,90.969
657612,Tim Hill,pitcher,NYY,36.0,-0.11,,,,65,,,,0.0,57.3,89.297
657649,Jared Koenig,pitcher,MIL,32.0,-0.38,,,,9,,,,0.0,7.0,48.443
657746,Joe Ryan,pitcher,MIN,30.0,1.77,,,,26,,,,26.0,138.7,109.407
657756,Connor Seabold,pitcher,KCR,30.0,-0.17,,,,21,,,,0.0,24.0,99.481
660271,Shohei Ohtani,pitcher,LAD,31.0,3.16,,,,14,,,,14.0,85.7,235.241
660604,Alan Rangel,pitcher,PHI,28.0,0.03,,,,7,,,,3.0,26.0,77.835
660710,Rodolfo Durán,pitcher,SDP,28.0,-0.26,,,,2,,,,0.0,3.0,16.756
660761,José Suarez,pitcher,OAK,28.0,-0.46,,,,45,,,,2.0,61.3,76.128
660787,Yerry de los Santos,pitcher,NYY,28.0,0.33,,,,15,,,,0.0,20.0,315.2
660825,Eduard Bazardo,pitcher,SEA,30.0,0.21,,,,70,,,,0.0,64.0,99.375
660844,Leo Rivas,pitcher,SEA,28.0,-0.2,,,,1,,,,0.0,1.0,8.6
660853,Enyel De Los Santos,pitcher,HOU,30.0,-0.31,,,,66,,,,0.0,71.3,85.876
661395,Jhoan Duran,pitcher,PHI,28.0,3.26,,,,58,,,,0.0,56.3,258.836
661527,Seth Martinez,pitcher,BOS,31.0,-0.04,,,,1,,,,0.0,1.0,62.5
661563,Luis Gil,pitcher,NYY,28.0,-0.04,,,,8,,,,4.0,25.3,85.229
662144,Brian Keller,pitcher,PHI,32.0,0.1,,,,1,,,,0.0,3.0,167.7
662253,Andrés Muñoz,pitcher,SEA,27.0,0.11,,,,61,,,,0.0,57.3,92.385
663158,Robert Suarez,pitcher,ATL,35.0,1.69,,,,31,,,,0.0,32.0,759.75
663362,Matt Waldron,pitcher,WSN,29.0,-0.52,,,,17,,,,4.0,42.7,55.399
663372,Ryan Feltner,pitcher,COL,29.0,1.04,,,,25,,,,22.0,119.7,89.066
663423,Trent Thornton,pitcher,CHC,32.0,0.57,,,,48,,,,0.0,48.3,127.022
663432,Tanner Rainey,pitcher,DET,33.0,0.06,,,,6,,,,0.0,7.0,114.0
663436,Davis Martin,pitcher,CHW,29.0,2.65,,,,28,,,,27.0,145.3,110.184
663460,Kris Bubic,pitcher,LAD,28.0,0.88,,,,12,,,,9.0,53.0,100.33
663465,Kolby Allard,pitcher,CLE,28.0,-0.35,,,,4,,,,0.0,8.7,40.74
663485,Cole Sands,pitcher,MIN,28.0,-0.42,,,,13,,,,0.0,12.0,52.191
663494,Bryan Torres,pitcher,STL,28.0,0.07,,,,1,,,,0.0,2.0,
663542,Bryan Hudson,pitcher,CHW,29.0,1.84,,,,67,,,,8.0,65.3,140.014
663554,Casey Mize,pitcher,SDP,29.0,1.69,,,,25,,,,25.0,127.3,125.271
663556,Shane McClanahan,pitcher,TBR,29.0,1.34,,,,24,,,,24.0,118.0,124.898
663558,Jovani Morán,pitcher,BOS,29.0,0.79,,,,48,,,,3.0,64.0,127.374
663559,Bailey Falter,pitcher,ATL,29.0,-0.53,,,,7,,,,2.0,13.0,30.46
663567,Peter Lambert,pitcher,HOU,29.0,3.18,,,,27,,,,27.0,151.0,111.11
663568,Stephen Kolek,pitcher,KCR,29.0,0.19,,,,10,,,,10.0,54.0,91.648
663574,Tony Santillan,pitcher,CIN,29.0,-0.83,,,,44,,,,0.0,40.7,65.769
663623,Jake Irvin,pitcher,WSN,29.0,-0.17,,,,21,,,,20.0,101.7,80.098
663687,Hogan Harris,pitcher,OAK,29.0,1.84,,,,71,,,,0.0,67.3,133.156
663738,Daniel Lynch IV,pitcher,KCR,29.0,1.18,,,,54,,,,8.0,76.7,125.214
663765,Jake Woodford,pitcher,CHC,29.0,-0.46,,,,18,,,,0.0,26.3,59.687
663767,Chase Shugart,pitcher,PHI,29.0,0.74,,,,44,,,,0.0,51.3,112.87
663776,Patrick Sandoval,pitcher,BOS,29.0,-0.5,,,,13,,,,13.0,64.7,79.997
663795,Justin Hagenman,pitcher,NYM,29.0,0.03,,,,2,,,,1.0,4.0,99.6
663855,Jordan Hicks,pitcher,CHW,29.0,0.59,,,,51,,,,2.0,46.0,103.514
663878,Nate Pearson,pitcher,KCR,29.0,0.52,,,,40,,,,0.0,44.7,121.821
663884,Nolan Kingham,pitcher,TEX,29.0,-0.02,,,,1,,,,0.0,1.0,59.8
663893,Brendon Little,pitcher,TOR,29.0,-0.76,,,,28,,,,0.0,26.3,65.005
663903,Brady Singer,pitcher,CIN,29.0,-0.1,,,,30,,,,30.0,154.0,73.973
663941,Tristan Beck,pitcher,SFG,30.0,-0.12,,,,12,,,,0.0,16.7,69.127
663947,Tyler Holton,pitcher,DET,30.0,1.37,,,,66,,,,3.0,71.7,152.018
663967,César Salazar,pitcher,HOU,30.0,-0.02,,,,1,,,,0.0,1.0,62.5
663969,Tyler Phillips,pitcher,MIA,28.0,2.05,,,,36,,,,19.0,122.7,116.779
663978,Chris Paddack,pitcher,TEX,30.0,-0.78,,,,14,,,,9.0,57.0,62.814
663992,Richard Lovelady,pitcher,WSN,30.0,0.08,,,,36,,,,5.0,32.7,113.003
664059,Sam Haggerty,pitcher,TEX,32.0,0.03,,,,1,,,,0.0,1.0,
664074,Cody Ponce,pitcher,TOR,32.0,0.02,,,,1,,,,1.0,2.3,130.7
664076,Garrett Cleavinger,pitcher,TBR,32.0,-0.34,,,,51,,,,0.0,41.3,88.0
664126,Pete Fairbanks,pitcher,MIA,32.0,-1.21,,,,46,,,,1.0,41.3,64.162
664129,Geoff Hartlieb,pitcher,OAK,32.0,0.31,,,,15,,,,0.0,24.3,110.355
664141,JT Brubaker,pitcher,SFG,32.0,0.43,,,,41,,,,1.0,60.3,112.842
664192,Joey Lucchesi,pitcher,LAA,33.0,-0.41,,,,5,,,,0.0,3.3,33.12
664199,Taylor Clarke,pitcher,ARI,33.0,1.4,,,,69,,,,1.0,71.3,158.705
664208,Phil Maton,pitcher,CHC,33.0,-0.58,,,,31,,,,0.0,27.7,69.263
664238,Dylan Moore,pitcher,PHI,33.0,0.02,,,,2,,,,0.0,1.7,100.7
664285,Framber Valdez,pitcher,DET,32.0,1.43,,,,30,,,,30.0,168.7,103.262
664299,Cristian Javier,pitcher,HOU,29.0,-0.03,,,,16,,,,11.0,61.0,77.583
664353,José Urquidy,pitcher,PHI,31.0,0.02,,,,12,,,,1.0,33.7,88.708
664702,Myles Straw,pitcher,TOR,31.0,0.02,,,,4,,,,0.0,4.0,105.95
664731,P.J. Higgins,pitcher,CIN,33.0,0.03,,,,1,,,,0.0,1.0,
664744,Jose Espada,pitcher,BAL,29.0,0.03,,,,1,,,,0.0,1.0,
664774,LaMonte Wade Jr.,pitcher,HOU,32.0,-0.06,,,,1,,,,0.0,1.0,31.25
664849,Danny Young,pitcher,ATL,32.0,-0.44,,,,16,,,,1.0,12.3,54.191
664854,Ryan Helsley,pitcher,BAL,31.0,-0.06,,,,17,,,,0.0,15.3,102.114
664875,Justin Lawrence,pitcher,WSN,31.0,-1.18,,,,37,,,,0.0,34.3,78.298
664954,Brett Sullivan,pitcher,COL,32.0,0.1,,,,7,,,,0.0,7.7,109.55
664991,Grant Wolfram,pitcher,BAL,29.0,-0.07,,,,59,,,,0.0,51.7,94.732
665152,Dean Kremer,pitcher,MIN,30.0,0.36,,,,16,,,,16.0,83.3,90.398
665622,Luis Medina,pitcher,OAK,27.0,1.61,,,,57,,,,1.0,70.3,139.056
665645,Kervin Castro,pitcher,NYY,27.0,0.26,,,,5,,,,0.0,6.3,311.0
665660,Elvis Alvarado,pitcher,OAK,27.0,0.92,,,,53,,,,0.0,52.0,111.943
665665,Reiver Sanmartin,pitcher,SFG,30.0,-0.14,,,,24,,,,0.0,21.3,96.86
665795,Edward Cabrera,pitcher,CHC,28.0,-1.18,,,,17,,,,15.0,79.3,74.838
665871,Javier Assad,pitcher,CHC,28.0,1.09,,,,26,,,,11.0,91.7,116.784
666126,Carlos Cortes,pitcher,OAK,29.0,-0.27,,,,9,,,,0.0,9.3,43.282
666129,Braxton Garrett,pitcher,MIA,28.0,-0.36,,,,2,,,,2.0,4.3,30.043
666142,Cole Ragans,pitcher,KCR,28.0,0.08,,,,8,,,,8.0,35.3,85.526
666157,Nick Lodolo,pitcher,CIN,28.0,1.1,,,,20,,,,20.0,103.7,83.376
666171,Ryan Zeferjahn,pitcher,CHC,28.0,0.45,,,,63,,,,0.0,68.0,104.89
666200,Jesús Luzardo,pitcher,PHI,28.0,6.37,,,,29,,,,29.0,178.7,157.774
666201,Alek Manoah,pitcher,LAA,28.0,-0.24,,,,3,,,,0.0,7.3,43.0
666277,George Soriano,pitcher,STL,27.0,0.0,,,,69,,,,0.0,65.0,91.123
666374,Matt Brash,pitcher,SEA,28.0,0.97,,,,20,,,,0.0,16.7,737.2
666619,Gregory Santos,pitcher,SFG,26.0,-0.12,,,,3,,,,0.0,5.0,120.0
666661,Juan Morillo,pitcher,ARI,27.0,2.11,,,,66,,,,0.0,61.7,192.233
666711,Joel Peguero,pitcher,SFG,29.0,0.15,,,,11,,,,0.0,11.3,174.167
666745,Jhony Brito,pitcher,SDP,28.0,0.12,,,,5,,,,0.0,9.0,139.467
666808,Camilo Doval,pitcher,PIT,28.0,-0.42,,,,64,,,,0.0,58.7,101.445
666974,Yennier Cano,pitcher,BAL,32.0,0.8,,,,67,,,,0.0,49.3,141.381
667297,Tommy Nance,pitcher,MIN,35.0,0.61,,,,56,,,,0.0,58.7,109.357
667463,John King,pitcher,MIA,31.0,0.27,,,,50,,,,1.0,49.7,101.473
667652,Jack Ralston,pitcher,MIA,28.0,0.15,,,,13,,,,0.0,13.7,104.433
667755,José Soriano,pitcher,TOR,27.0,2.8,,,,31,,,,31.0,174.3,113.721
668390,Cole Winn,pitcher,TEX,26.0,-0.88,,,,51,,,,1.0,48.0,68.967
668670,Jake Rogers,pitcher,DET,31.0,0.08,,,,3,,,,0.0,2.3,
668674,Lucas Erceg,pitcher,KCR,31.0,-0.95,,,,49,,,,0.0,45.3,69.337
668678,Zac Gallen,pitcher,ARI,30.0,-1.66,,,,21,,,,20.0,104.3,68.546
668716,Noah Murdock,pitcher,PIT,27.0,0.16,,,,3,,,,0.0,3.3,
668820,Max Kranick,pitcher,WSN,28.0,-0.73,,,,17,,,,0.0,18.3,47.105
668831,Garrett Stallings,pitcher,MIL,28.0,0.5,,,,6,,,,0.0,14.0,
668834,Easton McGee,pitcher,KCR,28.0,-0.17,,,,9,,,,0.0,11.3,49.078
668873,Caleb Kilian,pitcher,PHI,29.0,-0.23,,,,49,,,,0.0,47.7,90.915
668881,Hunter Greene,pitcher,CIN,26.0,-0.34,,,,5,,,,5.0,27.7,62.048
668909,Gavin Williams,pitcher,CLE,26.0,3.1,,,,31,,,,31.0,181.0,111.93
668933,Graham Ashcraft,pitcher,CIN,28.0,0.31,,,,32,,,,0.0,32.3,95.0
668941,JoJo Romero,pitcher,MIL,29.0,0.69,,,,53,,,,0.0,53.3,113.542
668942,Josh Rojas,pitcher,KCR,32.0,0.04,,,,1,,,,0.0,1.0,
668964,Tobias Myers,pitcher,NYM,27.0,-0.76,,,,31,,,,3.0,52.7,73.203
668970,Gavin Hollowell,pitcher,CHC,28.0,0.21,,,,14,,,,0.0,14.3,172.5
668984,Casey Legumina,pitcher,TBR,29.0,0.31,,,,53,,,,6.0,69.3,107.99
669020,Ryan Rolison,pitcher,CHC,28.0,1.05,,,,57,,,,2.0,60.7,143.275
669022,MacKenzie Gore,pitcher,TEX,27.0,0.87,,,,32,,,,32.0,165.7,82.551
669060,Bryse Wilson,pitcher,MIL,28.0,0.31,,,,15,,,,0.0,34.3,138.32
669062,Erik Miller,pitcher,BOS,28.0,0.88,,,,55,,,,1.0,49.3,141.275
669084,DL Hall,pitcher,MIL,27.0,1.79,,,,45,,,,1.0,57.7,205.423
669093,Jeremiah Estrada,pitcher,SDP,27.0,0.19,,,,33,,,,0.0,31.0,116.65
669145,Bruce Zimmermann,pitcher,STL,31.0,0.0,,,,1,,,,0.0,5.0,77.667
669160,Dustin May,pitcher,MIL,28.0,0.43,,,,29,,,,29.0,140.7,86.553
669165,Kyle Hurt,pitcher,LAD,28.0,0.01,,,,43,,,,1.0,43.7,97.467
669169,Jonathan Heasley,pitcher,TBR,29.0,-0.12,,,,1,,,,0.0,4.0,40.54
669194,Ryne Nelson,pitcher,ARI,28.0,-0.31,,,,17,,,,15.0,86.0,87.274
669199,Lake Bachar,pitcher,PIT,31.0,1.32,,,,51,,,,11.0,83.3,119.793
669203,Corbin Burnes,pitcher,ARI,31.0,-0.25,,,,3,,,,3.0,10.3,55.256
669211,Keegan Akin,pitcher,BAL,31.0,-0.35,,,,24,,,,2.0,25.3,73.119
669212,Eli Morgan,pitcher,KCR,30.0,-0.02,,,,16,,,,0.0,19.3,81.527
669270,Joel Kuhnel,pitcher,SFG,31.0,-0.24,,,,42,,,,0.0,42.3,97.851
669276,Dylan Lee,pitcher,ATL,31.0,1.17,,,,69,,,,0.0,65.0,133.43
669298,TJ Shook,pitcher,COL,28.0,-0.09,,,,5,,,,0.0,7.7,62.6
669302,Logan Gilbert,pitcher,SEA,29.0,3.21,,,,30,,,,30.0,178.0,105.596
669310,CJ Van Eyk,pitcher,TOR,27.0,-0.02,,,,4,,,,0.0,6.7,113.933
669330,Tyler Wells,pitcher,TBR,31.0,2.37,,,,57,,,,0.0,72.0,187.051
669358,Shane Baz,pitcher,BAL,27.0,1.51,,,,31,,,,31.0,179.7,99.92
669371,Cole Henry,pitcher,WSN,26.0,-0.52,,,,11,,,,0.0,13.7,55.958
669372,J.T. Ginn,pitcher,OAK,27.0,3.36,,,,27,,,,24.0,138.3,119.668
669373,Tarik Skubal,pitcher,LAD,29.0,4.17,,,,25,,,,25.0,151.7,147.562
669387,Carmen Mlodzinski,pitcher,PIT,27.0,1.36,,,,36,,,,12.0,120.7,112.564
669432,Trevor Rogers,pitcher,BAL,28.0,2.16,,,,29,,,,29.0,165.7,100.751
669438,Mason Englert,pitcher,TBR,26.0,-0.06,,,,14,,,,3.0,35.7,92.939
669456,Shane Bieber,pitcher,TOR,31.0,0.59,,,,11,,,,11.0,55.7,101.093
669461,Matthew Liberatore,pitcher,STL,26.0,-0.9,,,,30,,,,30.0,149.3,72.671
669467,Andre Pallante,pitcher,STL,27.0,2.15,,,,27,,,,27.0,151.0,105.479
669620,Brady Basso,pitcher,OAK,28.0,0.47,,,,24,,,,6.0,40.0,99.225
669622,Anthony Bender,pitcher,MIA,31.0,0.92,,,,35,,,,0.0,34.3,154.84
669684,Chris Murphy,pitcher,CHW,28.0,-0.21,,,,33,,,,3.0,33.7,88.644
669704,Kade Strowd,pitcher,ARI,28.0,0.04,,,,2,,,,0.0,2.7,141.0
669711,Greg Weissert,pitcher,BOS,31.0,0.64,,,,62,,,,0.0,59.3,123.509
669713,Hayden Wesneski,pitcher,HOU,28.0,0.76,,,,10,,,,10.0,54.0,117.833
669724,Brenan Hanifee,pitcher,DET,28.0,-0.05,,,,23,,,,2.0,21.3,83.958
669854,Ronel Blanco,pitcher,HOU,32.0,-0.43,,,,7,,,,5.0,31.7,58.324
669920,Jason Alexander,pitcher,HOU,33.0,-0.54,,,,4,,,,2.0,18.3,44.805
669923,George Kirby,pitcher,SEA,28.0,1.51,,,,29,,,,29.0,169.7,91.855
669947,Jesse Scholtens,pitcher,TBR,32.0,0.22,,,,11,,,,2.0,44.7,104.54
670032,Nicky Lopez,pitcher,TEX,31.0,-0.02,,,,1,,,,0.0,1.0,59.8
670036,Matt Festa,pitcher,CLE,33.0,0.46,,,,64,,,,0.0,65.0,113.277
670059,Colin Holderman,pitcher,CLE,30.0,1.23,,,,54,,,,0.0,52.7,149.35
670062,Julian Garcia,pitcher,CIN,31.0,1.12,,,,33,,,,0.0,46.0,134.7
670090,Wyatt Mills,pitcher,LAD,31.0,-0.1,,,,6,,,,0.0,6.3,77.85
670097,Zack Short,pitcher,NYM,31.0,0.03,,,,1,,,,0.0,1.0,
670103,Raymond Burgos,pitcher,BOS,27.0,-0.13,,,,7,,,,0.0,17.3,80.58
670167,John Schreiber,pitcher,NYY,32.0,0.59,,,,63,,,,0.0,58.3,129.204
670183,Garrett Acton,pitcher,MIN,28.0,-0.22,,,,7,,,,0.0,11.0,75.386
670245,Ryan Watson,pitcher,LAA,28.0,0.41,,,,52,,,,0.0,71.0,109.243
670280,David Bednar,pitcher,NYY,31.0,1.7,,,,61,,,,0.0,66.3,162.984
670329,Rico Garcia,pitcher,BAL,32.0,1.45,,,,74,,,,0.0,66.0,131.33
670871,Guillo Zuñiga,pitcher,NYM,27.0,0.05,,,,1,,,,0.0,1.0,
670912,Johan Oviedo,pitcher,BOS,28.0,-0.11,,,,1,,,,0.0,3.7,45.975
670950,Trevor Richards,pitcher,CHW,33.0,1.03,,,,51,,,,0.0,77.7,125.599
670970,Adrián Morejón,pitcher,SDP,27.0,1.72,,,,73,,,,0.0,82.7,142.477
670990,Yohan Ramírez,pitcher,PIT,31.0,2.6,,,,64,,,,1.0,83.0,152.181
671083,Buddy Kennedy,pitcher,SFG,27.0,-0.12,,,,1,,,,0.0,1.0,15.4
671096,Andrew Abbott,pitcher,CIN,27.0,1.28,,,,31,,,,31.0,159.0,89.252
671106,Logan Allen,pitcher,CLE,27.0,-0.35,,,,7,,,,2.0,16.7,69.8
671109,Jake Eder,pitcher,LAD,27.0,0.08,,,,4,,,,0.0,4.0,202.9
671111,Sammy Peralta,pitcher,LAA,28.0,-0.61,,,,14,,,,1.0,18.3,54.967
671131,Jackson Rutledge,pitcher,WSN,27.0,-0.22,,,,1,,,,0.0,1.3,11.557
671162,Connor Thomas,pitcher,KCR,28.0,-0.41,,,,16,,,,0.0,20.3,96.601
671212,Joe Boyle,pitcher,TBR,26.0,-0.17,,,,4,,,,3.0,19.0,81.736
671345,Jason Foley,pitcher,SFG,30.0,-0.12,,,,22,,,,0.0,24.0,90.625
671382,Cameron Foster,pitcher,BAL,27.0,-0.25,,,,6,,,,0.0,9.0,47.4
671737,Taj Bradley,pitcher,MIN,25.0,3.96,,,,30,,,,30.0,172.3,109.837
671922,Cade Smith,pitcher,CLE,27.0,2.58,,,,66,,,,0.0,71.3,201.906
671936,Adam Macko,pitcher,TEX,25.0,-0.16,,,,30,,,,1.0,31.0,83.845
672021,Eric Cerantola,pitcher,KCR,26.0,-0.21,,,,4,,,,0.0,5.3,43.283
672282,Reid Detmers,pitcher,LAA,26.0,3.68,,,,31,,,,31.0,179.0,115.92
672335,Cionel Pérez,pitcher,NYM,30.0,0.03,,,,37,,,,2.0,42.3,89.963
672442,Yovanny Cruz,pitcher,WSN,26.0,-0.26,,,,15,,,,0.0,13.7,139.504
672456,Keider Montero,pitcher,DET,25.0,3.13,,,,32,,,,25.0,155.0,120.223
672578,Carlos Hernández,pitcher,CLE,29.0,-0.04,,,,2,,,,0.0,3.0,76.05
672582,Angel Zerpa,pitcher,MIL,26.0,-0.76,,,,12,,,,0.0,12.7,66.644
672629,Gerardo Carrillo,pitcher,ARI,27.0,0.14,,,,13,,,,0.0,17.3,102.838
672782,Yoendrys Gómez,pitcher,MIN,26.0,0.45,,,,63,,,,0.0,64.3,98.781
672841,Carlos Vargas,pitcher,SEA,26.0,-0.03,,,,13,,,,0.0,15.3,84.95
673380,Dedniel Núñez,pitcher,NYM,30.0,-0.01,,,,16,,,,0.0,17.0,113.043
673513,Yuki Matsui,pitcher,SDP,30.0,2.03,,,,51,,,,0.0,61.7,212.9
673540,Kodai Senga,pitcher,NYM,33.0,-1.71,,,,30,,,,8.0,60.3,55.296
673929,Jordan Leasure,pitcher,CHW,27.0,-0.35,,,,18,,,,1.0,18.7,68.631
674003,Cody Bradford,pitcher,TEX,28.0,0.42,,,,8,,,,7.0,38.7,92.778
674073,Jack Weisenburger,pitcher,NYM,28.0,0.23,,,,6,,,,0.0,11.7,182.8
674370,Osvaldo Bido,pitcher,CHW,30.0,-0.16,,,,11,,,,0.0,18.7,69.995
674444,Steven Cruz,pitcher,KCR,27.0,0.13,,,,55,,,,2.0,57.7,94.332
674841,Andrew Alvarez,pitcher,WSN,27.0,2.79,,,,24,,,,16.0,108.0,136.561
675512,Troy Melton,pitcher,DET,25.0,2.83,,,,20,,,,20.0,114.3,152.151
675540,Xzavion Curry,pitcher,NYM,27.0,-0.05,,,,9,,,,1.0,21.3,76.046
675627,Michael Grove,pitcher,TBR,29.0,-0.1,,,,3,,,,0.0,7.0,85.5
675660,Shane Drohan,pitcher,MIL,27.0,0.39,,,,31,,,,18.0,120.3,97.439
675848,Juan Mejia,pitcher,COL,25.0,0.41,,,,62,,,,1.0,67.0,94.81
675911,Spencer Strider,pitcher,ATL,27.0,-0.12,,,,8,,,,8.0,39.0,80.357
675916,James Karinchak,pitcher,ATL,30.0,0.31,,,,9,,,,0.0,9.7,235.45
675919,Nick Raquet,pitcher,BAL,30.0,-0.05,,,,4,,,,0.0,3.7,61.3
675920,Seth Lonsway,pitcher,SFG,27.0,-0.09,,,,1,,,,0.0,2.0,53.1
675989,Cody Bolton,pitcher,HOU,28.0,-0.01,,,,8,,,,3.0,20.0,77.267
676051,Codi Heuer,pitcher,CLE,29.0,0.0,,,,8,,,,0.0,9.7,90.5
676083,Janson Junk,pitcher,MIA,30.0,0.63,,,,24,,,,23.0,114.0,89.509
676105,Jeff Criswell,pitcher,COL,27.0,0.07,,,,3,,,,0.0,4.0,118.35
676106,Emerson Hancock,pitcher,SEA,27.0,2.67,,,,25,,,,25.0,138.7,109.251
676130,José Buttó,pitcher,SFG,28.0,-0.22,,,,3,,,,0.0,2.0,21.24
676254,Ryan Walker,pitcher,SFG,30.0,-0.96,,,,33,,,,0.0,32.7,56.696
676263,Jack Dreyer,pitcher,LAD,27.0,1.1,,,,64,,,,2.0,60.3,128.25
676272,Bobby Miller,pitcher,LAD,27.0,-0.03,,,,2,,,,0.0,5.3,88.3
676282,Joey Cantillo,pitcher,CLE,26.0,1.19,,,,32,,,,30.0,154.0,108.666
676395,Robert Garcia,pitcher,TEX,30.0,0.16,,,,16,,,,0.0,15.0,164.575
676428,Brant Hurter,pitcher,DET,27.0,0.53,,,,27,,,,0.0,32.7,139.427
676440,Tanner Bibee,pitcher,CLE,27.0,1.56,,,,32,,,,32.0,182.0,93.364
676454,Brendan Cellucci,pitcher,TOR,28.0,0.25,,,,4,,,,0.0,5.3,
676467,Colton Gordon,pitcher,HOU,27.0,-0.54,,,,4,,,,1.0,9.3,36.808
676477,Garrett Whitlock,pitcher,BOS,30.0,1.92,,,,53,,,,0.0,51.3,235.31
676508,Ben Casparius,pitcher,LAD,27.0,-0.21,,,,5,,,,0.0,4.7,46.78
676510,Nolan Hoffman,pitcher,KCR,28.0,0.12,,,,11,,,,0.0,11.7,117.42
676534,Calvin Faucher,pitcher,MIA,30.0,0.57,,,,66,,,,0.0,65.3,117.248
676568,Ricky Vanasco,pitcher,DET,27.0,-0.58,,,,5,,,,0.0,6.3,28.273
676571,PJ Poulin,pitcher,WSN,29.0,1.14,,,,35,,,,11.0,36.7,161.182
676596,Josh Fleming,pitcher,TOR,30.0,-0.17,,,,1,,,,0.0,3.0,40.8
676604,Tyler Zuber,pitcher,MIA,31.0,-0.78,,,,43,,,,0.0,38.7,69.668
676617,Riley O'Brien,pitcher,STL,31.0,-0.07,,,,66,,,,0.0,64.0,95.917
676620,Blake Weiman,pitcher,LAA,30.0,0.33,,,,15,,,,0.0,16.0,182.6
676661,Max Lazar,pitcher,PHI,27.0,0.03,,,,6,,,,0.0,8.0,83.78
676664,JP Sears,pitcher,SDP,30.0,-0.01,,,,8,,,,6.0,32.7,86.712
676680,Tom Cosgrove,pitcher,WSN,30.0,-1.04,,,,18,,,,0.0,16.3,57.086
676684,Will Vest,pitcher,DET,31.0,-0.95,,,,27,,,,0.0,26.7,69.728
676694,Jake Meyers,pitcher,HOU,30.0,0.03,,,,1,,,,0.0,1.0,
676702,Hunter Stratton,pitcher,PIT,29.0,0.0,,,,3,,,,0.0,3.3,66.0
676742,Cam Sanders,pitcher,BAL,29.0,0.43,,,,27,,,,0.0,28.3,116.005
676755,Isaac Mattson,pitcher,PIT,30.0,0.03,,,,38,,,,0.0,38.7,83.622
676760,Ron Marinaccio,pitcher,CIN,30.0,-0.47,,,,41,,,,0.0,57.7,77.821
676775,Keaton Winn,pitcher,SFG,28.0,0.59,,,,44,,,,0.0,43.0,120.938
676879,Aaron Ashby,pitcher,MIL,28.0,1.04,,,,73,,,,1.0,85.3,127.21
676910,Matt Seelinger,pitcher,NYM,31.0,-0.45,,,,1,,,,0.0,2.0,15.443
676917,Cade Cavalli,pitcher,WSN,27.0,3.77,,,,32,,,,32.0,169.7,142.854
676962,Ben Brown,pitcher,CHC,26.0,2.22,,,,20,,,,8.0,68.0,229.271
676974,Max Meyer,pitcher,MIA,27.0,2.92,,,,20,,,,20.0,111.0,150.552
676979,Garrett Crochet,pitcher,BOS,27.0,-0.52,,,,6,,,,6.0,30.0,65.824
677020,Josh Walker,pitcher,BAL,31.0,1.14,,,,29,,,,0.0,28.7,264.32
677053,Andrew Nardi,pitcher,MIA,27.0,-0.12,,,,25,,,,0.0,22.7,79.085
677161,Zack Kelly,pitcher,BOS,31.0,0.04,,,,17,,,,0.0,16.3,126.717
677588,José Tena,pitcher,WSN,25.0,-0.02,,,,1,,,,0.0,1.0,64.9
677865,Justin Bruihl,pitcher,STL,29.0,0.28,,,,70,,,,0.0,75.0,108.557
677944,Slade Cecconi,pitcher,CLE,27.0,-0.04,,,,27,,,,21.0,120.0,82.165
677952,Braxton Ashcraft,pitcher,PIT,26.0,3.71,,,,28,,,,28.0,165.3,121.91
677955,Jaden Hill,pitcher,COL,26.0,0.18,,,,44,,,,0.0,37.7,90.704
677958,Kumar Rocker,pitcher,TEX,26.0,0.83,,,,29,,,,26.0,143.0,86.344
677960,Ryan Weathers,pitcher,NYY,26.0,2.18,,,,25,,,,25.0,137.3,116.238
677961,Cole Wilcox,pitcher,SEA,26.0,0.11,,,,23,,,,0.0,27.0,98.642
677976,Randy Dobnak,pitcher,KCR,31.0,1.85,,,,14,,,,12.0,73.0,133.564
678020,Seth Halvorsen,pitcher,LAD,26.0,-0.03,,,,32,,,,0.0,29.0,87.96
678022,Jack Perkins,pitcher,OAK,26.0,-0.66,,,,36,,,,16.0,116.0,75.297
678061,Ray Kerr,pitcher,ATL,31.0,0.44,,,,8,,,,0.0,15.3,245.633
678368,Valente Bellozo,pitcher,COL,26.0,-0.31,,,,3,,,,0.0,10.7,67.0
678391,Jorbit Vivas,pitcher,WSN,25.0,-0.23,,,,4,,,,0.0,4.0,34.767
678394,Brayan Bello,pitcher,BOS,27.0,0.05,,,,25,,,,10.0,112.3,91.593
678576,Wilkin Ramos,pitcher,SFG,25.0,-0.17,,,,2,,,,0.0,2.0,21.24
678606,Jose A. Ferrer,pitcher,SEA,26.0,0.56,,,,70,,,,0.0,61.7,99.319
678868,Eddy Yean,pitcher,WSN,25.0,0.27,,,,8,,,,1.0,11.0,181.267
678906,Kai-Wei Teng,pitcher,HOU,27.0,0.04,,,,30,,,,10.0,73.7,86.397
679358,Eric Orze,pitcher,MIN,28.0,-0.38,,,,36,,,,0.0,41.3,74.462
679775,Kyle Backhus,pitcher,PHI,28.0,0.13,,,,21,,,,1.0,20.0,92.891
679883,Luinder Avila,pitcher,KCR,24.0,-0.18,,,,21,,,,12.0,70.0,74.479
679885,Justin Martinez,pitcher,ARI,24.0,0.39,,,,12,,,,0.0,11.3,
679922,Carlos Duran,pitcher,KCR,24.0,-0.09,,,,2,,,,0.0,1.3,38.85
680474,Max Schuemann,pitcher,NYY,29.0,0.03,,,,1,,,,0.0,1.0,
680570,Grayson Rodriguez,pitcher,LAA,26.0,-0.95,,,,19,,,,19.0,93.7,67.637
680573,Simeon Woods Richardson,pitcher,TOR,25.0,-1.18,,,,20,,,,10.0,66.0,70.891
680604,Blas Castano,pitcher,COL,27.0,0.67,,,,15,,,,0.0,27.3,138.055
680686,Josiah Gray,pitcher,WSN,28.0,0.09,,,,2,,,,0.0,3.0,
680689,Lyon Richardson,pitcher,MIL,26.0,-0.2,,,,3,,,,1.0,3.3,18.9
680694,Kyle Bradish,pitcher,BAL,29.0,0.85,,,,29,,,,29.0,155.0,99.59
680702,Joey Gerber,pitcher,NYM,29.0,0.05,,,,7,,,,0.0,8.3,99.125
680704,Nick Sandlin,pitcher,LAA,29.0,-0.59,,,,8,,,,0.0,8.7,36.673
680723,Drew Rom,pitcher,OAK,26.0,-0.01,,,,15,,,,0.0,14.3,99.568
680728,Adrian Del Castillo,pitcher,ARI,26.0,0.0,,,,1,,,,0.0,1.7,94.5
680730,Mitchell Parker,pitcher,WSN,26.0,-1.07,,,,22,,,,0.0,39.7,66.093
680732,Sean Burke,pitcher,CHW,26.0,4.12,,,,31,,,,26.0,167.0,124.56
680736,Justin Wrobleski,pitcher,LAD,25.0,2.07,,,,25,,,,22.0,136.3,113.468
680742,Jonathan Bowlan,pitcher,PHI,29.0,1.26,,,,59,,,,0.0,56.3,135.581
680744,Ty Madden,pitcher,DET,26.0,0.66,,,,19,,,,1.0,44.0,121.165
680755,Braydon Fisher,pitcher,TOR,25.0,1.17,,,,74,,,,10.0,74.7,135.381
680767,Victor Vodnik,pitcher,MIA,26.0,-0.02,,,,50,,,,0.0,55.7,90.147
680802,Ryan Weiss,pitcher,HOU,29.0,-0.85,,,,9,,,,2.0,26.0,54.555
680880,Grant Holman,pitcher,PHI,26.0,-0.5,,,,1,,,,0.0,0.3,
680899,Erik Tolman,pitcher,WSN,27.0,0.04,,,,12,,,,0.0,12.3,121.54
680916,Franco Aleman,pitcher,CLE,26.0,-0.01,,,,21,,,,0.0,22.3,93.009
680951,Doug Nikhazy,pitcher,CHW,26.0,0.01,,,,1,,,,0.0,2.0,110.8
681006,Josh Simpson,pitcher,SEA,28.0,-0.42,,,,8,,,,0.0,7.3,41.738
681035,Christian Scott,pitcher,NYM,27.0,1.79,,,,23,,,,23.0,110.0,106.955
681084,Tanner Andrews,pitcher,TOR,30.0,0.12,,,,2,,,,0.0,3.0,
681151,Jayden Murray,pitcher,CHC,29.0,-0.46,,,,10,,,,0.0,16.3,51.127
681168,Luis Curvelo,pitcher,TEX,25.0,-0.38,,,,9,,,,0.0,10.3,41.709
681190,Randy Vásquez,pitcher,SDP,27.0,1.07,,,,31,,,,22.0,134.7,100.397
681217,Chase Silseth,pitcher,TEX,26.0,0.95,,,,70,,,,0.0,58.3,127.27
681252,Jack Anderson,pitcher,MIN,26.0,0.41,,,,7,,,,0.0,12.3,127.033
681293,Spencer Arrighetti,pitcher,TOR,26.0,-0.01,,,,24,,,,19.0,110.7,85.425
681320,Nate Lavender,pitcher,NYM,26.0,0.75,,,,18,,,,0.0,18.7,216.8
681343,Shane Smith,pitcher,CHW,26.0,-0.54,,,,3,,,,3.0,8.3,40.77
681347,Mike Burrows,pitcher,HOU,26.0,-1.02,,,,18,,,,17.0,94.7,68.654
681402,Gus Varland,pitcher,WSN,29.0,-0.99,,,,33,,,,0.0,31.7,63.9
681432,Luke Little,pitcher,CHC,25.0,-0.02,,,,1,,,,0.0,1.0,64.0
681517,Kyle Leahy,pitcher,STL,29.0,2.08,,,,29,,,,29.0,138.0,106.752
681520,Antoine Kelly,pitcher,CHC,26.0,0.07,,,,1,,,,0.0,1.3,
681544,Wyatt Olds,pitcher,BOS,26.0,0.29,,,,13,,,,0.0,15.0,349.8
681676,Ryan Fernandez,pitcher,STL,28.0,-0.14,,,,17,,,,0.0,23.0,112.278
681751,Lazaro Estrada,pitcher,TOR,27.0,-0.04,,,,8,,,,0.0,13.0,81.3
681799,Ethan Roberts,pitcher,CHC,28.0,-0.02,,,,23,,,,0.0,25.7,101.842
681806,Andrew Wantz,pitcher,CHC,30.0,-0.16,,,,2,,,,0.0,3.7,69.073
681810,Austin Warren,pitcher,NYM,30.0,0.34,,,,39,,,,2.0,48.0,100.141
681867,Cooper Criswell,pitcher,SEA,29.0,0.57,,,,34,,,,0.0,37.7,117.471
681870,Erik Sabrowski,pitcher,CLE,28.0,1.02,,,,57,,,,0.0,45.3,147.086
681892,Kody Funderburk,pitcher,MIN,29.0,0.76,,,,56,,,,0.0,49.7,110.614
681895,Evan Sisk,pitcher,PIT,29.0,0.92,,,,39,,,,0.0,42.7,141.367
681911,Alex Vesia,pitcher,LAD,30.0,1.24,,,,69,,,,0.0,55.0,151.388
681916,Dylan Smith,pitcher,SFG,26.0,0.37,,,,39,,,,0.0,37.0,111.16
681982,Grant Anderson,pitcher,MIL,29.0,0.44,,,,52,,,,0.0,59.0,124.173
682052,Jacob Lopez,pitcher,OAK,28.0,0.22,,,,26,,,,23.0,117.3,78.219
682120,Tim Herrin,pitcher,CLE,29.0,0.87,,,,64,,,,0.0,54.3,136.928
682227,Brandon Williamson,pitcher,CIN,28.0,-0.23,,,,10,,,,7.0,43.7,75.807
682243,Bryce Miller,pitcher,SEA,27.0,1.45,,,,21,,,,20.0,112.7,97.708
682254,Mason Montgomery,pitcher,PIT,26.0,2.7,,,,67,,,,5.0,66.0,172.147
682274,Yaramil Hiraldo,pitcher,BAL,30.0,-0.35,,,,8,,,,0.0,9.3,49.078
682445,Domingo González,pitcher,SEA,26.0,0.03,,,,5,,,,0.0,7.7,87.075
682608,Peyton Gray,pitcher,TEX,31.0,-0.15,,,,48,,,,0.0,55.0,98.679
682610,Roddery Muñoz,pitcher,HOU,26.0,-0.32,,,,3,,,,0.0,4.0,28.429
682668,Luisangel Acuña,pitcher,CHW,24.0,0.02,,,,3,,,,0.0,2.3,126.4
682769,Eiberson Castellano,pitcher,COL,25.0,0.11,,,,1,,,,0.0,3.0,
682825,Luis Mey,pitcher,CIN,25.0,-0.13,,,,26,,,,0.0,32.3,72.381
682842,Abner Uribe,pitcher,MIL,26.0,2.19,,,,59,,,,0.0,57.3,204.238
682982,Daniel Espino,pitcher,CLE,25.0,0.03,,,,12,,,,2.0,13.3,88.243
682989,Victor Mederos,pitcher,ATL,25.0,0.46,,,,28,,,,0.0,32.0,116.885
682995,Hunter Barco,pitcher,PIT,25.0,-0.58,,,,7,,,,0.0,17.7,59.2
682997,Tyler Callihan,pitcher,PIT,26.0,0.11,,,,4,,,,0.0,3.0,
683000,Riley Cornelio,pitcher,WSN,26.0,-0.32,,,,16,,,,2.0,32.0,103.3
683003,Jared Jones,pitcher,PIT,24.0,1.74,,,,19,,,,19.0,90.7,106.831
683004,Jack Leiter,pitcher,TEX,26.0,-0.32,,,,15,,,,15.0,80.0,73.13
683155,Joey Estes,pitcher,OAK,24.0,-0.28,,,,2,,,,1.0,7.3,41.967
683175,Connor Phillips,pitcher,CIN,25.0,-0.12,,,,25,,,,0.0,27.7,76.647
683232,Nick Mears,pitcher,KCR,29.0,-0.17,,,,21,,,,0.0,19.3,81.527
683352,Mitch Bratt,pitcher,ARI,22.0,0.2,,,,10,,,,10.0,44.0,89.665
683363,Matt Wilkinson,pitcher,SFG,23.0,0.11,,,,7,,,,5.0,24.7,111.73
683409,Angel Chivilli,pitcher,NYY,23.0,0.07,,,,15,,,,0.0,16.7,112.971
683618,Edgardo Henriquez,pitcher,LAD,24.0,0.78,,,,61,,,,1.0,60.0,147.684
683627,Anthony Molina,pitcher,SFG,24.0,0.07,,,,8,,,,4.0,28.0,100.655
683734,Andrew Vaughn,pitcher,MIL,28.0,-0.28,,,,2,,,,0.0,3.0,15.5
683742,Jose Franco,pitcher,CIN,25.0,0.07,,,,10,,,,0.0,20.3,96.22
683766,Christian Koss,pitcher,SFG,28.0,-0.09,,,,2,,,,0.0,2.0,35.4
683769,Hunter Gaddis,pitcher,CLE,28.0,1.66,,,,65,,,,0.0,57.3,152.929
684007,Shota Imanaga,pitcher,CHC,32.0,1.87,,,,30,,,,30.0,168.3,111.559
684049,Brandan Bidois,pitcher,PIT,25.0,-0.49,,,,15,,,,0.0,15.7,71.764
684320,Yariel Rodríguez,pitcher,TOR,29.0,-0.41,,,,10,,,,0.0,9.3,58.975
684442,Kohl Drake,pitcher,ARI,25.0,-0.28,,,,5,,,,5.0,20.7,65.18
684516,Hancel Rincón,pitcher,STL,24.0,-0.49,,,,2,,,,0.0,1.3,10.657
684665,Luke Murphy,pitcher,LAA,26.0,-0.41,,,,18,,,,0.0,17.3,65.825
684974,Craig Yoho,pitcher,CLE,26.0,0.12,,,,32,,,,0.0,37.7,102.87
685005,Christian Roa,pitcher,HOU,27.0,-0.02,,,,7,,,,0.0,8.7,82.28
685112,Zach McCambley,pitcher,CIN,27.0,0.07,,,,9,,,,0.0,9.7,93.26
685126,Brandon Eisert,pitcher,PIT,28.0,0.06,,,,38,,,,4.0,42.3,91.257
685299,Tanner Gordon,pitcher,COL,28.0,0.41,,,,23,,,,11.0,100.3,82.519
685464,Cade Winquest,pitcher,STL,26.0,-0.15,,,,8,,,,0.0,10.3,77.233
685801,Hunter Bigge,pitcher,TBR,28.0,-0.84,,,,18,,,,0.0,19.3,60.973
686218,Emmet Sheehan,pitcher,LAD,26.0,0.83,,,,23,,,,22.0,112.3,91.905
686228,Juan Burgos,pitcher,ARI,26.0,0.1,,,,4,,,,0.0,4.3,218.4
686475,Tyler Tolbert,pitcher,KCR,28.0,-0.44,,,,5,,,,0.0,4.7,17.646
686560,Gavin Collyer,pitcher,TEX,25.0,-0.11,,,,23,,,,0.0,23.0,76.946
686563,Jonathan Cannon,pitcher,CHW,25.0,-0.12,,,,2,,,,0.0,3.0,52.567
686580,Justin Slaten,pitcher,BOS,28.0,-0.55,,,,36,,,,0.0,31.3,90.181
686610,Ken Waldichuk,pitcher,WSN,28.0,-0.12,,,,5,,,,0.0,9.3,66.286
686613,Hunter Brown,pitcher,HOU,27.0,2.26,,,,19,,,,19.0,102.0,125.916
686628,Blake Burkhalter,pitcher,ATL,25.0,-0.02,,,,1,,,,0.0,1.0,64.0
686678,Chase Solesky,pitcher,TBR,28.0,-0.02,,,,1,,,,0.0,3.0,78.15
686730,Carson Spiers,pitcher,CIN,28.0,-0.07,,,,1,,,,0.0,4.0,50.725
686747,Joe La Sorsa,pitcher,BOS,28.0,-0.06,,,,1,,,,0.0,0.3,32.2
686751,Seth Johnson,pitcher,OAK,27.0,-0.34,,,,25,,,,0.0,28.3,74.002
686753,Drey Jameson,pitcher,ARI,28.0,0.01,,,,12,,,,0.0,19.3,83.245
686780,Pedro Pagés,pitcher,STL,27.0,0.01,,,,2,,,,0.0,2.0,103.4
686790,Trevor McDonald,pitcher,SFG,25.0,-0.19,,,,14,,,,14.0,70.3,78.855
686796,Blake Walston,pitcher,ARI,25.0,0.1,,,,2,,,,0.0,3.0,156.5
686799,Jack Kochanowicz,pitcher,LAA,25.0,-0.81,,,,13,,,,13.0,64.0,65.243
686894,Joey Wiemer,pitcher,WSN,27.0,-0.16,,,,2,,,,0.0,2.0,22.56
686930,Mason Barnett,pitcher,OAK,25.0,-0.67,,,,19,,,,5.0,44.0,62.32
686934,Alex McFarlane,pitcher,PHI,25.0,0.47,,,,16,,,,0.0,15.3,196.825
686973,Louis Varland,pitcher,TOR,28.0,3.54,,,,70,,,,0.0,77.0,342.636
686993,Justin Sterner,pitcher,OAK,29.0,-0.41,,,,46,,,,0.0,42.7,72.952
687060,Blake Adams,pitcher,COL,25.0,-0.15,,,,1,,,,0.0,1.0,14.38
687064,Brandon Young,pitcher,BAL,27.0,2.14,,,,27,,,,27.0,151.7,113.43
687075,Brandon Sproat,pitcher,MIL,25.0,-0.57,,,,22,,,,19.0,97.0,74.672
687134,Bradley Blalock,pitcher,MIA,25.0,-0.03,,,,3,,,,0.0,8.0,74.76
687209,Zach Maxwell,pitcher,CIN,25.0,-0.39,,,,12,,,,0.0,13.0,51.775
687223,Carson Palmquist,pitcher,WSN,25.0,-0.42,,,,11,,,,6.0,16.3,57.086
687239,Ben Peoples,pitcher,TEX,25.0,0.25,,,,16,,,,0.0,16.3,143.06
687273,Quinn Mathews,pitcher,STL,25.0,0.8,,,,8,,,,8.0,44.3,107.339
687287,Patrick Monteverde,pitcher,MIA,28.0,-0.07,,,,1,,,,0.0,4.0,48.85
687309,Cooper Hjerpe,pitcher,STL,25.0,-0.08,,,,3,,,,0.0,9.0,67.633
687312,Gabriel Hughes,pitcher,COL,24.0,0.06,,,,14,,,,13.0,64.0,78.507
687330,Kevin Kelly,pitcher,TBR,28.0,1.69,,,,69,,,,0.0,72.3,168.765
687377,Orlando Ribalta,pitcher,WSN,28.0,0.43,,,,45,,,,0.0,43.0,115.356
687396,Brent Headrick,pitcher,NYY,28.0,2.62,,,,79,,,,0.0,77.0,199.556
687473,Ryan Gusto,pitcher,MIA,27.0,0.85,,,,22,,,,17.0,82.7,97.484
687531,William Kempner,pitcher,MIA,25.0,0.18,,,,9,,,,0.0,12.3,141.775
687562,Jake Bennett,pitcher,BOS,25.0,1.4,,,,19,,,,19.0,109.7,108.865
687570,Connor Prielipp,pitcher,MIN,25.0,0.18,,,,23,,,,21.0,120.3,84.908
687606,Paxton Schultz,pitcher,WSN,28.0,-0.52,,,,27,,,,1.0,32.3,68.065
687721,Cameron Weston,pitcher,BAL,25.0,0.04,,,,1,,,,0.0,1.0,
687765,Mitch Spence,pitcher,KCR,28.0,-0.88,,,,3,,,,1.0,9.3,20.077
687792,DJ Herz,pitcher,WSN,25.0,-0.14,,,,1,,,,1.0,4.0,52.15
687849,Zak Kent,pitcher,WSN,28.0,-0.23,,,,11,,,,0.0,16.3,81.463
687859,Troy Johnston,pitcher,COL,29.0,0.08,,,,2,,,,0.0,2.0,
687911,Bryan King,pitcher,HOU,29.0,-0.91,,,,58,,,,1.0,58.3,76.334
687924,Julian Aguiar,pitcher,CIN,25.0,-0.01,,,,1,,,,0.0,3.0,78.25
687931,Carson Whisenhunt,pitcher,SFG,25.0,-0.64,,,,8,,,,8.0,34.7,62.532
687941,Alec Gamboa,pitcher,BOS,29.0,0.91,,,,19,,,,2.0,29.7,341.775
687985,Josh White,pitcher,MIA,25.0,-0.18,,,,1,,,,0.0,0.7,9.34
688107,Robert Gasser,pitcher,MIL,27.0,1.09,,,,20,,,,19.0,103.3,103.735
688158,David Morgan,pitcher,SDP,26.0,0.12,,,,29,,,,0.0,30.7,98.921
688297,Chris Roycroft,pitcher,OAK,29.0,-0.38,,,,25,,,,0.0,36.3,133.65
688497,Taylor Rashi,pitcher,OAK,30.0,-0.18,,,,4,,,,0.0,5.7,71.044
688642,Zach Agnos,pitcher,COL,25.0,-0.07,,,,40,,,,3.0,87.0,82.695
688692,Jared Simpson,pitcher,WSN,26.0,-0.28,,,,4,,,,1.0,4.3,44.9
688883,Peyton Pallette,pitcher,CLE,25.0,-0.06,,,,16,,,,0.0,20.7,79.0
689017,Landon Knack,pitcher,LAD,28.0,0.07,,,,4,,,,0.0,11.7,111.86
689147,Orion Kerkering,pitcher,PHI,25.0,0.08,,,,62,,,,0.0,58.0,91.591
689149,Chad Dallas,pitcher,TOR,26.0,-0.15,,,,5,,,,0.0,13.0,81.3
689225,Beau Brieske,pitcher,DET,28.0,-0.05,,,,16,,,,0.0,21.7,85.242
689254,Mason Fluharty,pitcher,TOR,24.0,1.1,,,,81,,,,4.0,61.0,129.97
689266,Dylan Dodd,pitcher,ATL,28.0,1.46,,,,46,,,,0.0,46.7,184.008
689296,Anthony Nunez,pitcher,BAL,24.0,0.3,,,,50,,,,0.0,57.7,105.652
689441,Coleman Crow,pitcher,MIL,25.0,-0.22,,,,5,,,,4.0,18.7,79.627
689520,Cody Laweryson,pitcher,MIN,28.0,-0.21,,,,15,,,,0.0,16.7,87.867
689546,Nick Davila,pitcher,SEA,27.0,-0.07,,,,24,,,,0.0,27.3,79.873
689690,Alek Jacob,pitcher,SDP,28.0,-0.01,,,,3,,,,0.0,5.0,80.0
689818,David Sandlin,pitcher,CHW,25.0,-0.52,,,,7,,,,5.0,34.3,67.783
689981,River Ryan,pitcher,DET,27.0,0.23,,,,1,,,,1.0,3.0,
690155,Matt Pushard,pitcher,STL,28.0,-0.08,,,,6,,,,0.0,7.0,79.85
690279,Mason Adams,pitcher,COL,26.0,0.45,,,,5,,,,5.0,23.0,98.5
690440,Bradley Hanner,pitcher,NYY,27.0,-0.28,,,,4,,,,0.0,5.3,37.8
690829,Ben Joyce,pitcher,LAA,25.0,-0.01,,,,16,,,,0.0,15.3,100.1
690925,Clayton Beeter,pitcher,WSN,27.0,0.14,,,,50,,,,0.0,48.0,96.492
690928,Hunter Dobbins,pitcher,STL,26.0,0.69,,,,11,,,,8.0,54.0,106.8
690953,Mick Abel,pitcher,MIN,24.0,0.39,,,,4,,,,3.0,20.3,106.778
690978,Dax Fulton,pitcher,MIA,24.0,0.32,,,,15,,,,0.0,26.0,117.67
690986,Kyle Harrison,pitcher,MIL,24.0,0.54,,,,26,,,,24.0,112.7,98.136
690990,Cade Horton,pitcher,CHC,24.0,0.25,,,,2,,,,2.0,7.3,180.65
690997,Nolan McLean,pitcher,NYM,24.0,2.88,,,,30,,,,30.0,172.7,129.197
691008,Max Rajcic,pitcher,STL,24.0,0.0,,,,6,,,,0.0,9.0,81.16
691384,Luis Perales,pitcher,WSN,23.0,-0.51,,,,6,,,,0.0,11.0,38.843
691548,Rolddy Muñoz,pitcher,ATL,26.0,-0.13,,,,1,,,,0.0,2.0,36.967
691587,Eury Pérez,pitcher,MIA,23.0,1.09,,,,28,,,,28.0,149.0,96.568
691594,Javier Sanoja,pitcher,MIA,23.0,-0.2,,,,5,,,,0.0,4.7,32.171
691725,Andrew Painter,pitcher,PHI,23.0,0.83,,,,24,,,,22.0,120.7,81.056
691769,Philip Abner,pitcher,SFG,24.0,-0.5,,,,13,,,,0.0,19.0,62.61
691799,Grant Taylor,pitcher,CHW,24.0,2.75,,,,59,,,,4.0,82.0,183.895
691945,Carter Baumler,pitcher,TEX,24.0,0.08,,,,4,,,,0.0,5.7,129.65
691946,George Klassen,pitcher,LAA,24.0,0.36,,,,6,,,,6.0,27.0,110.991
691951,Sam Aldegheri,pitcher,LAA,24.0,-0.21,,,,9,,,,6.0,33.7,79.905
692030,Jose Corniell,pitcher,TEX,23.0,-0.51,,,,2,,,,0.0,4.3,20.23
692064,José Rodríguez,pitcher,TOR,24.0,0.18,,,,3,,,,0.0,3.7,
692230,Carlos Rodriguez,pitcher,MIL,24.0,0.07,,,,4,,,,0.0,9.3,111.625
692437,Winston Santos,pitcher,TEX,24.0,-0.06,,,,1,,,,0.0,2.0,51.25
693308,Nick Frasso,pitcher,COL,27.0,-0.1,,,,17,,,,0.0,18.7,74.464
693312,Kyle Nicolas,pitcher,CIN,27.0,-0.19,,,,7,,,,0.0,7.3,51.129
693313,Carson Seymour,pitcher,SFG,27.0,-0.49,,,,22,,,,0.0,28.7,80.981
693433,Bryan Woo,pitcher,SEA,26.0,2.16,,,,29,,,,29.0,167.7,99.479
693645,Cam Schlittler,pitcher,NYY,25.0,6.99,,,,32,,,,32.0,190.7,216.324
693686,Spencer Miles,pitcher,TOR,25.0,2.62,,,,48,,,,8.0,94.7,171.474
693713,Emiliano Teodo,pitcher,TEX,25.0,-0.05,,,,1,,,,0.0,1.7,44.15
693821,Bryce Elder,pitcher,ATL,27.0,1.28,,,,26,,,,26.0,149.0,103.132
693855,Ian Seymour,pitcher,TBR,27.0,0.25,,,,45,,,,15.0,127.3,95.627
694037,Daniel Palencia,pitcher,CHC,26.0,0.08,,,,30,,,,0.0,27.3,108.367
694297,Brandon Pfaadt,pitcher,ARI,27.0,1.77,,,,28,,,,18.0,128.3,112.875
694335,Matt Svanson,pitcher,STL,27.0,-1.29,,,,41,,,,1.0,43.3,53.969
694341,Brendan Beck,pitcher,NYY,27.0,-0.2,,,,3,,,,1.0,7.7,53.271
694346,Trey Gibson,pitcher,BAL,24.0,-0.64,,,,8,,,,7.0,33.0,56.252
694350,Zach Brzykcy,pitcher,MIA,26.0,0.05,,,,2,,,,0.0,3.0,150.8
694357,Ricky Tiedemann,pitcher,TOR,23.0,0.2,,,,5,,,,0.0,6.0,309.4
694360,Beck Way,pitcher,KCR,26.0,0.03,,,,19,,,,1.0,23.3,107.89
694361,Will Klein,pitcher,LAD,26.0,-0.1,,,,36,,,,3.0,41.7,114.929
694363,Jared Shuster,pitcher,STL,27.0,-0.29,,,,5,,,,0.0,9.0,45.089
694397,Marco Raya,pitcher,MIN,23.0,0.1,,,,3,,,,0.0,6.0,147.8
694462,Hurston Waldrep,pitcher,ATL,24.0,-0.32,,,,3,,,,2.0,10.7,51.78
694477,Chad Patrick,pitcher,MIL,27.0,2.12,,,,55,,,,6.0,104.3,133.828
694494,Ty Johnson,pitcher,TBR,24.0,-0.07,,,,6,,,,0.0,4.7,77.9
694646,Chayce McDermott,pitcher,NYM,27.0,-0.04,,,,5,,,,0.0,7.7,79.364
694680,Trevor Martin,pitcher,LAA,25.0,-0.26,,,,7,,,,0.0,14.3,101.683
694738,Landen Roupp,pitcher,SFG,27.0,1.56,,,,29,,,,29.0,155.0,100.446
694753,Khristian Curtis,pitcher,PIT,24.0,0.19,,,,5,,,,0.0,17.3,96.833
694795,Josh Ekness,pitcher,MIA,24.0,0.0,,,,27,,,,0.0,27.0,111.027
694819,Jacob Misiorowski,pitcher,MIL,24.0,6.16,,,,29,,,,29.0,169.3,223.106
694820,Braxton Roxby,pitcher,SFG,27.0,-0.06,,,,2,,,,0.0,2.0,53.1
694851,Andrew Hoffmann,pitcher,ARI,26.0,-0.37,,,,8,,,,0.0,11.7,55.93
694918,Blade Tidwell,pitcher,SFG,25.0,0.27,,,,17,,,,9.0,56.7,90.879
694973,Paul Skenes,pitcher,PIT,24.0,3.1,,,,31,,,,31.0,168.0,113.692
695001,Alimber Santa,pitcher,HOU,23.0,0.29,,,,10,,,,0.0,15.3,357.4
695034,Kade Morris,pitcher,OAK,24.0,-0.63,,,,6,,,,2.0,17.3,41.41
695049,Brett Kerry,pitcher,LAA,27.0,0.19,,,,3,,,,0.0,13.7,104.4
695076,Rhett Lowder,pitcher,CIN,24.0,-0.33,,,,28,,,,25.0,127.3,69.834
695239,Robby Ahlstrom,pitcher,TEX,27.0,-0.71,,,,42,,,,0.0,37.0,63.952
695243,Mason Miller,pitcher,SDP,27.0,3.45,,,,63,,,,0.0,67.0,333.956
695378,Jack Sinclair,pitcher,WSN,27.0,0.25,,,,7,,,,0.0,7.7,192.1
695380,Alex Hoppe,pitcher,BAL,27.0,-0.08,,,,41,,,,0.0,41.7,150.6
695418,Brad Lord,pitcher,WSN,26.0,1.01,,,,39,,,,5.0,80.0,109.954
695445,Chase Lee,pitcher,TOR,27.0,-0.28,,,,7,,,,0.0,8.0,58.114
695505,Chase Burns,pitcher,CIN,23.0,4.86,,,,29,,,,29.0,154.3,146.753
695534,Chase Petty,pitcher,CIN,23.0,0.14,,,,16,,,,3.0,31.7,87.588
695549,Jackson Jobe,pitcher,DET,23.0,0.47,,,,8,,,,8.0,40.7,105.839
695611,Gage Jump,pitcher,OAK,23.0,0.61,,,,20,,,,20.0,98.7,81.168
695684,Elmer Rodríguez,pitcher,NYY,22.0,-0.01,,,,6,,,,6.0,26.7,78.444
696062,Wilber Dotel,pitcher,PIT,23.0,0.34,,,,21,,,,2.0,39.3,97.81
696070,Kendry Rojas,pitcher,MIN,23.0,0.61,,,,12,,,,4.0,29.7,126.764
696131,Mason Black,pitcher,KCR,26.0,0.1,,,,17,,,,0.0,31.3,96.193
696136,Jordan Wicks,pitcher,CHC,26.0,-0.85,,,,4,,,,2.0,10.3,41.85
696146,Hagen Smith,pitcher,CHW,22.0,1.26,,,,16,,,,1.0,25.3,401.6
696147,Sam Bachman,pitcher,LAA,26.0,0.23,,,,42,,,,0.0,46.7,99.895
696149,Bubba Chandler,pitcher,PIT,23.0,1.73,,,,30,,,,29.0,151.3,102.436
696270,Ryan Johnson,pitcher,LAA,23.0,0.04,,,,21,,,,18.0,95.0,81.788
696519,Samy Natera,pitcher,LAA,26.0,0.75,,,,28,,,,0.0,31.7,129.909
696522,Hayden Juenger,pitcher,OAK,25.0,-0.43,,,,15,,,,0.0,16.0,52.263
697811,Dylan Ross,pitcher,NYM,25.0,0.04,,,,1,,,,0.0,1.0,
697812,Joe Rock,pitcher,OAK,25.0,0.09,,,,5,,,,0.0,10.3,125.375
699008,Antwone Kelly,pitcher,PIT,22.0,0.09,,,,6,,,,0.0,14.3,90.45
699044,Miguel Ullola,pitcher,HOU,24.0,0.16,,,,8,,,,2.0,10.7,125.6
699134,Bradgley Rodriguez,pitcher,SDP,22.0,1.22,,,,66,,,,4.0,70.0,174.411
699151,Jedixson Paez,pitcher,BOS,22.0,-0.55,,,,4,,,,1.0,6.7,24.471
699823,Tyler Davis,pitcher,CHW,27.0,0.43,,,,29,,,,0.0,30.7,121.242
700241,Michael McGreevy,pitcher,STL,25.0,1.94,,,,30,,,,30.0,164.0,101.447
700249,Cade Povich,pitcher,BAL,26.0,0.55,,,,8,,,,7.0,37.0,94.489
700270,Yilber Díaz,pitcher,DET,25.0,-0.27,,,,5,,,,0.0,6.0,59.562
700327,Welinton Herrera,pitcher,COL,22.0,0.11,,,,3,,,,0.0,2.3,
700363,AJ Smith-Shawver,pitcher,ATL,23.0,-0.3,,,,7,,,,5.0,28.0,66.585
700413,Tyler Uberstine,pitcher,BOS,27.0,0.04,,,,1,,,,0.0,2.7,138.4
700669,Gordon Graceffo,pitcher,STL,26.0,1.43,,,,60,,,,1.0,78.3,141.696
700712,Walbert Ureña,pitcher,LAA,22.0,3.93,,,,28,,,,26.0,144.3,146.655
700842,Eduardo Rivera,pitcher,BOS,23.0,-0.13,,,,4,,,,3.0,10.0,67.443
701121,Logan VanWey,pitcher,HOU,27.0,0.23,,,,6,,,,0.0,8.0,190.55
701474,Duncan Davitt,pitcher,SFG,26.0,0.1,,,,3,,,,0.0,4.3,110.8
701519,Travis Adams,pitcher,MIN,26.0,0.27,,,,39,,,,0.0,57.0,88.78
701542,Will Warren,pitcher,NYY,27.0,0.87,,,,31,,,,29.0,152.3,104.259
701552,Andre Granillo,pitcher,WSN,26.0,-0.39,,,,8,,,,0.0,9.3,46.4
701656,Logan Henderson,pitcher,MIL,24.0,3.15,,,,17,,,,17.0,93.3,165.831
701719,Tyler Samaniego,pitcher,BOS,27.0,0.26,,,,20,,,,1.0,20.3,157.05
701780,Tanner McDougal,pitcher,CHW,23.0,-0.06,,,,1,,,,0.0,0.3,32.6
702021,Will Dion,pitcher,WSN,26.0,0.41,,,,25,,,,1.0,45.7,118.736
702047,Alex Cook,pitcher,TBR,25.0,0.0,,,,4,,,,0.0,5.7,93.367
702056,Trey Yesavage,pitcher,TOR,22.0,2.0,,,,19,,,,19.0,95.7,119.962
702070,Noah Cameron,pitcher,KCR,26.0,2.21,,,,30,,,,29.0,172.3,104.796
702153,Brian Fitzpatrick,pitcher,MIL,26.0,0.12,,,,5,,,,0.0,6.7,323.8
702193,Andrew Morris,pitcher,MIN,24.0,-0.02,,,,61,,,,3.0,70.7,96.997
702273,Noah Schultz,pitcher,CHW,22.0,-0.26,,,,17,,,,14.0,69.0,73.916
702275,JR Ritchie,pitcher,ATL,23.0,-0.09,,,,15,,,,9.0,62.7,84.554
702281,Robby Snelling,pitcher,MIA,22.0,0.01,,,,1,,,,1.0,5.0,80.0
702303,Riley Martin,pitcher,CHC,28.0,0.18,,,,8,,,,1.0,8.3,204.15
702352,Spencer Bivens,pitcher,SFG,32.0,-0.48,,,,4,,,,0.0,5.0,30.0
702474,Mike Paredes,pitcher,MIN,25.0,0.19,,,,9,,,,5.0,34.3,89.5
702566,Owen Murphy,pitcher,ATL,22.0,-0.16,,,,4,,,,1.0,9.0,87.92
702752,Jonathan Pintaro,pitcher,NYM,28.0,0.11,,,,21,,,,0.0,30.3,93.233
702885,Cesar Perdomo,pitcher,SFG,24.0,0.32,,,,4,,,,3.0,19.3,109.925
703615,Jose Cabrera,pitcher,ARI,24.0,0.23,,,,7,,,,5.0,27.0,97.854
703725,Luis Gastelum,pitcher,STL,24.0,-0.31,,,,32,,,,0.0,34.3,88.241
800048,Parker Messick,pitcher,CLE,25.0,5.77,,,,30,,,,30.0,178.3,157.859
800311,Didier Fuentes,pitcher,ATL,21.0,2.57,,,,56,,,,1.0,71.3,187.017
800600,Jackson Kent,pitcher,WSN,23.0,-0.37,,,,7,,,,7.0,32.3,68.065
801139,Payton Tolle,pitcher,BOS,23.0,2.94,,,,25,,,,25.0,143.0,135.933
801403,Chase Dollander,pitcher,COL,24.0,1.07,,,,10,,,,3.0,44.0,128.111
801434,Paul Gervase,pitcher,LAD,26.0,0.15,,,,4,,,,0.0,7.7,186.7
801725,Luis De León,pitcher,BAL,23.0,0.17,,,,7,,,,0.0,8.7,205.7
802408,Brycen Mautz,pitcher,STL,24.0,-0.21,,,,6,,,,1.0,13.0,57.86
804267,Zac Thornton,pitcher,NYM,24.0,1.7,,,,14,,,,14.0,79.3,121.007
804619,John Klein,pitcher,MIN,24.0,0.05,,,,3,,,,0.0,4.3,109.1
804636,Jonah Tong,pitcher,NYM,23.0,-0.09,,,,6,,,,3.0,25.7,98.833
804668,Rafael Flores,pitcher,PIT,25.0,0.03,,,,1,,,,0.0,1.0,
804926,Austin Peterson,pitcher,CLE,26.0,0.06,,,,1,,,,0.0,2.0,
805074,Yunior Marte,pitcher,SFG,22.0,0.08,,,,4,,,,2.0,19.3,87.94
805123,AJ Blubaugh,pitcher,HOU,25.0,1.01,,,,61,,,,0.0,92.3,111.026
805299,Brandyn Garcia,pitcher,ARI,26.0,1.97,,,,55,,,,0.0,49.0,229.47
805326,Tyler Schweitzer,pitcher,CHW,25.0,0.65,,,,18,,,,0.0,37.3,135.962
805345,Trent Harris,pitcher,SFG,27.0,0.49,,,,19,,,,0.0,21.0,190.74
805427,Drew Sommers,pitcher,DET,25.0,0.12,,,,42,,,,0.0,39.0,114.231
805673,Zebby Matthews,pitcher,MIN,26.0,0.95,,,,23,,,,23.0,130.3,85.466
806188,Cade Gibson,pitcher,MIA,28.0,-0.57,,,,44,,,,1.0,48.7,75.441
806960,Luis Morales,pitcher,OAK,23.0,-1.09,,,,5,,,,2.0,16.0,33.5
807739,Kade Anderson,pitcher,SEA,21.0,0.46,,,,6,,,,6.0,32.3,94.273
807743,Sean Sullivan,pitcher,COL,23.0,-0.37,,,,5,,,,5.0,22.3,56.541
808825,Andrew Sears,pitcher,DET,23.0,-0.59,,,,5,,,,3.0,17.3,82.18
808963,Roki Sasaki,pitcher,LAD,24.0,0.7,,,,23,,,,23.0,119.3,91.213
808967,Yoshinobu Yamamoto,pitcher,LAD,27.0,5.85,,,,27,,,,27.0,179.0,166.75
808970,Woo-Suk Go,pitcher,MIN,27.0,-0.11,,,,4,,,,0.0,4.0,50.675
810938,Ben Williamson,pitcher,TBR,25.0,0.03,,,,5,,,,0.0,5.0,124.55
811315,Brody Hopkins,pitcher,TBR,24.0,-0.02,,,,3,,,,0.0,3.0,78.15
813349,Connelly Early,pitcher,BOS,24.0,1.78,,,,17,,,,17.0,91.7,119.674
814305,Yunior Tur,pitcher,OAK,26.0,-0.74,,,,7,,,,0.0,10.3,27.647
814490,Ethan Pecko,pitcher,HOU,23.0,0.39,,,,6,,,,4.0,28.7,110.133
815081,Mark Manfredi,pitcher,COL,26.0,0.47,,,,12,,,,0.0,13.7,153.56
815083,Mitch Farris,pitcher,LAA,25.0,0.48,,,,31,,,,0.0,56.0,109.304
820862,José Fermin,pitcher,LAA,24.0,0.62,,,,50,,,,0.0,52.0,129.761
837227,Tatsuya Imai,pitcher,HOU,28.0,0.37,,,,22,,,,15.0,75.7,82.393
